Mest populære sider,Klik,Eksponeringer,CTR,Placering
https://www.opskrift-airfryer.dk/nachos-i-airfryer-sproede-og-laekre-med-forskellige-variationer/,2419,17275,14%,10.39
https://www.opskrift-airfryer.dk/perfekt-stegt-ribeye-i-airfryer-saftig-og-sproed-hver-gang/,1849,16449,11.24%,17.01
https://www.opskrift-airfryer.dk/pulled-chicken-i-airfryer-nemt-laekkert-og-saftigt/,1163,10599,10.97%,11.33
https://www.opskrift-airfryer.dk/🐑-airfryer-lammekoelle-moert-og-saftigt-lam-med-sproed-overflade/,783,6108,12.82%,10.51
https://www.opskrift-airfryer.dk/luftige-roeraeg-i-airfryer-nem-og-laekker-morgenmad-paa-faa-minutter/,699,7665,9.12%,12.94
https://www.opskrift-airfryer.dk/fladbroed-med-hytteost-og-aeg-i-airfryer-sundt-luftigt-og-nemt/,678,7283,9.31%,15.96
https://www.opskrift-airfryer.dk/perfekt-tunsteak-i-airfryer-moer-saftig-og-nem-opskrift/,658,3610,18.23%,18.51
https://www.opskrift-airfryer.dk/entrecote-i-airfryer-saftig-og-moer-paa-den-nemme-maade/,636,7813,8.14%,18.7
https://www.opskrift-airfryer.dk/klejner-den-sproede-juleklassiker-i-airfryeren/,595,2744,21.68%,11.84
https://www.opskrift-airfryer.dk/lammekoteletter-i-airfryer-gourmetoplevelse-paa-ingen-tid/,564,4790,11.77%,16.21
https://www.opskrift-airfryer.dk/kinesiske-dumplings-gyoza-i-airfryer-sproed-og-laekker-opskrift/,544,5035,10.8%,10.85
https://www.opskrift-airfryer.dk/sproed-og-smagfuld-marineret-tofu-i-airfryer/,519,3429,15.14%,14.04
https://www.opskrift-airfryer.dk/de-5-bedste-snacks-du-kan-lave-i-airfryer-paa-under-30-minutter/,491,4095,11.99%,10.36
https://www.opskrift-airfryer.dk/nem-og-sproed-sejfilet-i-airfryer-perfekt-til-hverdagen/,485,4195,11.56%,19.31
https://www.opskrift-airfryer.dk/🐟-moerksej-i-airfryer-saftig-sund-og-smagfuld-fiskeret-paa-faa-minutter/,434,1165,37.25%,10.35
https://www.opskrift-airfryer.dk/perfekt-tilberedt-torsk-i-airfryer-nem-og-sund-opskrift/,403,10250,3.93%,10
https://www.opskrift-airfryer.dk/vildt-du-kan-lave-i-din-airfryer-smagfulde-retter-til-alle-lejligheder/,382,3936,9.71%,12.84
https://www.opskrift-airfryer.dk/bananpandekager-i-airfryer-nem-og-sund-snack/,369,2916,12.65%,13.07
https://www.opskrift-airfryer.dk/6-boernevenlige-retter-du-nemt-kan-lave-i-din-airfryer-sundt-hurtigt-og-sjovt/,352,3046,11.56%,22.85
https://www.opskrift-airfryer.dk/🥣-havregroed-i-airfryer-sund-nemt-og-laekkert/,347,2191,15.84%,8.5
https://www.opskrift-airfryer.dk/leverpostej-i-airfryer-nem-opskrift-med-perfekt-resultat/,327,12272,2.66%,8.72
https://www.opskrift-airfryer.dk/sproed-blomkaal-med-smeltet-ost-i-airfryer-nemt-og-laekkert-tilbehoer/,323,7020,4.6%,17.9
https://www.opskrift-airfryer.dk/hjemmelavede-soltoerrede-tomater-i-airfryer-klar-paa-ingen-tid/,314,3715,8.45%,13.86
https://www.opskrift-airfryer.dk/helstegt-kylling-i-airfryer-saftig-og-sproed-paa-ingen-tid/,308,8840,3.48%,28.49
https://www.opskrift-airfryer.dk/perfekt-flaeskesteg-med-sproed-svaer-i-airfryer-nem-og-hurtig/,302,23771,1.27%,21.89
https://www.opskrift-airfryer.dk/ristet-broed-med-aeg-egg-in-a-hole-i-airfryer/,302,10362,2.91%,14.65
https://www.opskrift-airfryer.dk/t-bone-steak-i-airfryer-perfekt-stegeskorpe-og-saftigt-koed/,286,5915,4.84%,15.95
https://www.opskrift-airfryer.dk/hurtig-og-nem-kage-i-airfryer-perfekt-til-den-soede-tand/,282,10996,2.56%,13.77
https://www.opskrift-airfryer.dk/luftige-pandekager-i-airfryer-nemt-og-laekkert/,272,5858,4.64%,7.2
https://www.opskrift-airfryer.dk/5-laekre-fiskeretter-du-kan-lave-i-din-airfryer/,252,5668,4.45%,20.46
https://www.opskrift-airfryer.dk/nem-og-laekker-koedsovs-til-spaghetti-i-airfryer-klar-paa-ingen-tid/,249,3701,6.73%,12.92
https://www.opskrift-airfryer.dk/sproede-groenkaalschips-i-airfryer-en-sund-og-laekker-snack/,247,7077,3.49%,13.63
https://www.opskrift-airfryer.dk/casper-sobczyk-fuzion-dual-zone-irfryer-en-omfattende-anmeldelse/,245,5657,4.33%,10.06
https://www.opskrift-airfryer.dk/kalvelever-i-airfryer-laekker-sund-og-alsidig-tilberedning/,243,2282,10.65%,11.78
https://www.opskrift-airfryer.dk/noedder-du-kan-tilberede-i-din-airfryer-en-guide-til-smagfulde-snacks/,242,2696,8.98%,10.34
https://www.opskrift-airfryer.dk/gryderetter-du-kan-lave-i-din-airfryer-nemt-smagfuldt-og-hurtigt/,233,1984,11.74%,8.83
https://www.opskrift-airfryer.dk/raadyrboeffer-i-airfryer-moer-og-smagfuld-vildtoplevelse-paa-den-nemme-maade/,205,1897,10.81%,11.89
https://www.opskrift-airfryer.dk/eriyaki-kyllingespyd-i-airfryer-nem-og-smagfuld-opskrift/,200,7389,2.71%,10.96
https://www.opskrift-airfryer.dk/one-pot-pasta-i-airfryer-den-ultimative-nemme-ret-🍝/,187,2996,6.24%,11.42
https://www.opskrift-airfryer.dk/opskrifter/osso-buco-i-airfryer.html,180,429,41.96%,4.68
https://www.opskrift-airfryer.dk/de-5-bedste-ting-paa-frost-du-kan-smide-i-din-airfryer/,176,6411,2.75%,18.77
https://www.opskrift-airfryer.dk/hurtige-og-sproede-popcorn-i-airfryer-klar-paa-faa-minutter/,168,15878,1.06%,8.79
https://www.opskrift-airfryer.dk/lammekrone-med-rosmarin-og-hvidloeg-i-airfryer-🐑🌿/,167,3094,5.4%,12.16
https://www.opskrift-airfryer.dk/sunde-og-sproede-aeblechips-i-airfryer-den-perfekte-snack/,164,2840,5.77%,20.18
https://www.opskrift-airfryer.dk/bagte-aebler-med-kanel-og-sukker-i-airfryer-en-nem-og-laekker-efteraarsdessert/,163,2944,5.54%,15.15
https://www.opskrift-airfryer.dk/🧅-airfryer-onion-boils-tiktok-favoritten-der-smelter-paa-tungen/,144,1189,12.11%,10.51
https://www.opskrift-airfryer.dk/havregroed-muffins-i-airfryer-sund-og-nem-morgenmad-paa-farten/,139,4121,3.37%,18.36
https://www.opskrift-airfryer.dk/new-york-strip-cote-de-boeuf-i-airfryer-saftig-og-smagfuld/,137,2410,5.68%,23.03
https://www.opskrift-airfryer.dk/de-bedste-groentsager-til-airfryeren-sund-hurtig-og-laekker-tilberedning/,137,1788,7.66%,12.39
https://www.opskrift-airfryer.dk/🥭-saadan-dyrker-du-et-mangotrae-fra-en-mango/,136,4994,2.72%,8.92
https://www.opskrift-airfryer.dk/🐟-laks-i-airfryer-med-asparges-og-dilddressing-sundt-og-smagfuldt/,134,2069,6.48%,31.24
https://www.opskrift-airfryer.dk/forloren-hare-i-airfryer-saftig-smagfuld-og-nem-at-lave-🥓🐰/,131,6793,1.93%,10.88
https://www.opskrift-airfryer.dk/sproede-og-saftige-airfryer-rejer-med-hvidloeg-og-citron-en-hurtig-og-laekker-ret/,131,2880,4.55%,12.55
https://www.opskrift-airfryer.dk/opskrifter/oksespidsbryst-i-airfryer-langtidsmoert.html,131,407,32.19%,6.19
https://www.opskrift-airfryer.dk/fasanbryst-i-airfryer-en-elegant-og-nem-opskrift/,127,1533,8.28%,12.88
https://www.opskrift-airfryer.dk/proteinpandekager-i-airfryer-nemt-sundt-og-laekkert/,125,1971,6.34%,12.94
https://www.opskrift-airfryer.dk/smeltende-chokoladefondanter-i-airfryer-den-perfekte-dessert-til-enhver-anledning/,117,1159,10.09%,8.8
https://www.opskrift-airfryer.dk/sproede-kikaerter-i-airfryer-sund-og-laekker-snack-paa-ingen-tid/,114,13615,0.84%,9.54
https://www.opskrift-airfryer.dk/🍞-stenalderbroed-i-airfryer-nemt-sundt-og-fyldt-med-kerner/,113,617,18.31%,17.84
https://www.opskrift-airfryer.dk/kartoffelchips-i-airfryer-sproede-nemme-og-sunde-alternativer/,111,4962,2.24%,12.48
https://www.opskrift-airfryer.dk/plantebaserede-boeffer-i-airfryer-sproed-ydre-og-saftig-indre/,110,1523,7.22%,27.54
https://www.opskrift-airfryer.dk/opskrifter/soltoerrede-tomater-i-airfryer.html,110,661,16.64%,19.26
https://www.opskrift-airfryer.dk/peberfrugter-smagfulde-og-moere-i-airfryer/,109,3159,3.45%,8.74
https://www.opskrift-airfryer.dk/smagfulde-fyldte-champignon-i-airfryer/,106,4935,2.15%,12.37
https://www.opskrift-airfryer.dk/hjortefilet-i-airfryer-moert-saftigt-og-perfekt-tilberedt/,106,1645,6.44%,20.03
https://www.opskrift-airfryer.dk/farsbroed-i-airfryer-saftigt-og-laekkert-paa-rekordtid/,104,3603,2.89%,16.64
https://www.opskrift-airfryer.dk/mini-bruschetta-i-airfryer-en-hurtig-og-laekker-forret/,102,2268,4.5%,21.4
https://www.opskrift-airfryer.dk/hjemmelavede-rodfrugtchips-i-airfryer-sproede-og-sunde-snacks/,100,3558,2.81%,18.75
https://www.opskrift-airfryer.dk/931-2/,99,3882,2.55%,24.59
https://www.opskrift-airfryer.dk/knaekbroed-i-airfryer-sundt-sproedt-og-fyldt-med-smag/,99,741,13.36%,19.43
https://www.opskrift-airfryer.dk/hurtig-og-laekker-lasagne-i-airfryer-perfekt-til-hverdagen/,97,7858,1.23%,10.2
https://www.opskrift-airfryer.dk/svinekoteletter-i-airfryer-moere-og-saftige/,96,5015,1.91%,14.08
https://www.opskrift-airfryer.dk/opskrifter/moerksej-i-airfryer-saftig.html,95,428,22.2%,10.42
https://www.opskrift-airfryer.dk/honningglaserede-guleroedder-i-airfryer-en-soed-og-laekker-tilfoejelse-til-julebordet/,93,4897,1.9%,11.02
https://www.opskrift-airfryer.dk/roedbedefritter-i-airfryer-sproede-og-sunde/,92,2635,3.49%,9.86
https://www.opskrift-airfryer.dk/boenner-i-airfryer-sproed-og-nem-tilberedning-af-baade-frosne-og-friske-boenner/,91,7207,1.26%,10.89
https://www.opskrift-airfryer.dk/opskrifter/kyllingelever-i-airfryer.html,91,201,45.27%,4.18
https://www.opskrift-airfryer.dk/sproede-saltede-mandler-i-airfryer-nem-og-laekker-snack/,90,7545,1.19%,13.06
https://www.opskrift-airfryer.dk/opskrifter/tunsteak-i-airfryer-sesam.html,90,579,15.54%,13.53
https://www.opskrift-airfryer.dk/saftig-og-smagfuld-hamburgerryg-i-airfryer-nem-og-hurtig-tilberedning/,88,3305,2.66%,15.19
https://www.opskrift-airfryer.dk/asiatiske-retter-du-kan-lave-i-din-airfryer-nemme-og-laekre-opskrifter/,85,927,9.17%,15.58
https://www.opskrift-airfryer.dk/blomkaal-i-airfryer-perfekt-til-sproede-blomkaalsvinger/,84,4605,1.82%,24.42
https://www.opskrift-airfryer.dk/squash-zucchini-sproede-zucchini-fritter-i-airfryer/,84,2431,3.46%,13.61
https://www.opskrift-airfryer.dk/grillet-spidskaal-i-airfryer-🥬🔥-sproedt-saftigt-og-supernemt/,84,2365,3.55%,13.88
https://www.opskrift-airfryer.dk/nytaarsforretter-du-kan-lave-i-din-airfryer/,82,2296,3.57%,27.16
https://www.opskrift-airfryer.dk/category/vegetar/,82,1043,7.86%,11.03
https://www.opskrift-airfryer.dk/chicken-tenders-med-aioli-i-airfryer-sproede-og-saftige-hapsere/,78,2443,3.19%,8.41
https://www.opskrift-airfryer.dk/sproede-mozzarella-sticks-i-airfryer-perfekt-til-dip-og-hygge/,77,2543,3.03%,9
https://www.opskrift-airfryer.dk/koreansk-bbq-svinekoed-bulgogi-i-airfryer-nem-og-smagfuld-opskrift/,76,1200,6.33%,9.37
https://www.opskrift-airfryer.dk/grillet-panini-med-mozzarella-og-pesto-i-airfryer/,75,1288,5.82%,36.05
https://www.opskrift-airfryer.dk/opskrift-paa-taerte-i-airfryer-nemt-hurtigt-og-laekkert/,74,2016,3.67%,15.71
https://www.opskrift-airfryer.dk/3-uimodstaaelige-opskrifter-paa-keto-snacks-og-tilbehoer-i-airfryer/,72,1851,3.89%,21.22
https://www.opskrift-airfryer.dk/asparges-i-airfryer-hurtig-og-laekker-sideret/,71,3547,2%,11.69
https://www.opskrift-airfryer.dk/🍓-dyrk-jordbaer-i-altankasser-eller-vindueskarmen-friske-baer-aaret-rundt/,70,2458,2.85%,10.33
https://www.opskrift-airfryer.dk/pulled-pork-i-airfryer-laekker-og-saftig-paa-en-nem-maade/,69,5035,1.37%,17.65
https://www.opskrift-airfryer.dk/tortilla-chips-i-airfryer-sproedt-og-hjemmelavet-paa-ingen-tid/,69,2736,2.52%,14.42
https://www.opskrift-airfryer.dk/klassisk-oksegryde-i-airfryer-nem-og-velsmagende-komfortmad-til-kolde-dage/,67,1559,4.3%,11.74
https://www.opskrift-airfryer.dk/opskrifter/stegte-sild-med-loeg-sproed-i-airfryer.html,67,181,37.02%,5.5
https://www.opskrift-airfryer.dk/🥗-saadan-genvokser-du-romainesalat-hjertesalat-ny-salat-fra-koekkenaffald/,65,981,6.63%,16.07
https://www.opskrift-airfryer.dk/tag/klejner/,64,1695,3.78%,9.58
https://www.opskrift-airfryer.dk/sproede-loegringe-i-airfryer-perfekt-snack-🧅🔥/,64,1190,5.38%,19.71
https://www.opskrift-airfryer.dk/napoleon-freestyle-365-kvalitet-og-fleksibilitet-til-den-serioese-griller/,63,2786,2.26%,12.29
https://www.opskrift-airfryer.dk/saftig-moerbrad-i-airfryer-nem-og-laekker-opskrift-paa-faa-minutter/,62,5954,1.04%,18.41
https://www.opskrift-airfryer.dk/omelet-i-airfryer-luftig-og-fyldt-med-groentsager-og-ost/,62,4961,1.25%,30.68
https://www.opskrift-airfryer.dk/saftige-og-smagfulde-svinekoteletter-i-airfryer-perfekte-til-hverdag-og-weekend/,60,3231,1.86%,21.5
https://www.opskrift-airfryer.dk/mini-butterdejstaerter-med-fyld-i-airfryer/,60,1330,4.51%,9.69
https://www.opskrift-airfryer.dk/opskrifter/fasanbryst-i-airfryer.html,60,970,6.19%,7.11
https://www.opskrift-airfryer.dk/luftigt-naanbroed-i-airfryer-perfekt-til-indiske-retter-og-mere/,59,1062,5.56%,8.68
https://www.opskrift-airfryer.dk/broccoli-nemt-sundt-og-sproedt-i-airfryer/,56,4419,1.27%,12.69
https://www.opskrift-airfryer.dk/3-uimodstaaelige-opskrifter-paa-keto-sproede-groentsager-i-airfryer/,56,2360,2.37%,22.79
https://www.opskrift-airfryer.dk/wattson-af82000430-alsidig-airfryer-til-hele-familien/,52,1452,3.58%,8.2
https://www.opskrift-airfryer.dk/hjemmelavede-havregrynskager-i-airfryer/,52,450,11.56%,17.21
https://www.opskrift-airfryer.dk/nem-opskrift-paa-sproedt-stegt-flaesk-i-airfryer-perfekt-hver-gang/,51,4866,1.05%,34.55
https://www.opskrift-airfryer.dk/fastelavnsboller-i-airfryer-den-ultimative-guide-til-moderne-og-klassiske-udgaver/,50,1943,2.57%,9.03
https://www.opskrift-airfryer.dk/mini-tacoskaller-med-fyld-i-airfryer-perfekte-til-nytaarsbordet/,48,1786,2.69%,24.83
https://www.opskrift-airfryer.dk/kyllingevinger-i-airfryer-sproede-saftige-og-nemme/,47,1524,3.08%,12.11
https://www.opskrift-airfryer.dk/andelaar-og-andebryst-i-airfryer-saftigt-og-sproedt/,46,5330,0.86%,28.91
https://www.opskrift-airfryer.dk/perfekt-culottesteg-i-airfryer-nemt-saftigt-og-sproedt/,46,4018,1.14%,19.02
https://www.opskrift-airfryer.dk/🐟-airfryer-laksefilet-med-honning-og-sennep-sproed-overflade-og-saftig-midte/,46,1542,2.98%,28.48
https://www.opskrift-airfryer.dk/100-2/,45,3686,1.22%,24.44
https://www.opskrift-airfryer.dk/biksemad-i-airfryer-klassisk-ret-med-sproed-og-moderne-twist/,45,3135,1.44%,11.43
https://www.opskrift-airfryer.dk/10-sunde-laekre-airfryer-opskrifter-sproed-mad-med-mindre-fedt-🔥🥗/,45,1583,2.84%,34.99
https://www.opskrift-airfryer.dk/roedkaalssalat-med-appelsinsaft-og-ristede-noedder-i-airfryer-en-sproed-og-julet-tilfoejelse-til-julebordet/,45,1289,3.49%,12.23
https://www.opskrift-airfryer.dk/opskrifter/roedkaal-lun-i-airfryer.html,45,278,16.19%,7.89
https://www.opskrift-airfryer.dk/opskrifter/sild-i-airfryer.html,45,143,31.47%,5.54
https://www.opskrift-airfryer.dk/de-bedste-toerrede-groentsager-du-kan-lave-i-din-airfryer-sproede-sunde-og-nemme-snacks/,44,1970,2.23%,18.74
https://www.opskrift-airfryer.dk/morgenmad-du-kan-lave-i-din-airfryer-hurtigt-nemt-og-sundt/,44,1197,3.68%,29.19
https://www.opskrift-airfryer.dk/weber-q1200-kompakt-gasgrill-med-stor-ydeevne/,43,11849,0.36%,19.11
https://www.opskrift-airfryer.dk/chips-paa-kartoffelskraeller-i-airfryer-en-laekker-og-baeredygtig-snack/,43,1355,3.17%,13.3
https://www.opskrift-airfryer.dk/char-broil-gas2coal-330-den-smarte-hybridgrill-med-baade-gas-og-kul-i-en-loesning/,43,1262,3.41%,17.51
https://www.opskrift-airfryer.dk/tempura-groentsager-i-airfryer-sproed-og-laekker-opskrift/,42,1850,2.27%,25.23
https://www.opskrift-airfryer.dk/weber-spirit-ii-e-310-gbs-gasgrill-perfekt-kombination-af-kraft-funktionalitet-og-stil/,41,9067,0.45%,19.64
https://www.opskrift-airfryer.dk/toerrede-guleroedder-i-airfryer-sproede-og-sunde-chips-paa-ingen-tid/,41,1475,2.78%,13.79
https://www.opskrift-airfryer.dk/tag/boern/,41,522,7.85%,18.77
https://www.opskrift-airfryer.dk/karamelliserede-figner-med-honning-i-airfryer/,41,455,9.01%,10.91
https://www.opskrift-airfryer.dk/groenkaalschips-i-airfryer-sproede-sunde-og-nemme-at-lave/,40,3653,1.09%,10.33
https://www.opskrift-airfryer.dk/🥓-stegt-flaesk-i-airfryer-sproed-svaer-og-nem-aftensmad/,39,3539,1.1%,27.5
https://www.opskrift-airfryer.dk/laksepakker-i-filodej-en-elegant-og-sproed-forret/,39,1454,2.68%,21.22
https://www.opskrift-airfryer.dk/bagt-camembert-i-airfryer-cremet-sproed-🧀🔥/,38,716,5.31%,14.14
https://www.opskrift-airfryer.dk/opskrifter/raadyr-filet-klassisk-i-airfryer.html,38,262,14.5%,12.77
https://www.opskrift-airfryer.dk/svensk-poelseret-i-airfryer-nem-og-laekker-hverdagsklassiker/,37,757,4.89%,23.44
https://www.opskrift-airfryer.dk/le-feu-turtle-2-0-pizzaovn-en-stilfuld-og-effektiv-pizzaovn-til-enhver-lejlighed/,36,2211,1.63%,22.24
https://www.opskrift-airfryer.dk/🔥-napoleon-rogue-425-plus-en-alsidig-og-kraftfuld-grill-til-entusiasten/,35,2119,1.65%,15.21
https://www.opskrift-airfryer.dk/sproede-pommes-frites-med-troeffel-og-parmesan-luksus-snack-i-din-airfryer/,35,1826,1.92%,19.59
https://www.opskrift-airfryer.dk/guleroedder-i-airfryer-med-cremet-feta-sundt-nemt-og-laekkert/,34,2340,1.45%,11.1
https://www.opskrift-airfryer.dk/🥖-airfryer-fladbroed-nemme-bloede-og-perfekte-til-wraps-eller-dip/,34,467,7.28%,20.15
https://www.opskrift-airfryer.dk/opskrifter/gullasch-i-tern-i-airfryer.html,34,82,41.46%,2.96
https://www.opskrift-airfryer.dk/char-broil-convective-640-b-xl-en-stor-og-kraftfuld-gasgrill-til-serioese-grillentusiaster/,33,1690,1.95%,13.97
https://www.opskrift-airfryer.dk/opskrift-paa-droemmekage-i-airfryer-den-klassiske-favorit/,33,1650,2%,11.71
https://www.opskrift-airfryer.dk/mini-julekringle-med-marcipan-og-remonce-i-airfryer/,33,948,3.48%,23.36
https://www.opskrift-airfryer.dk/3-laekre-opskrifter-paa-maettende-proteiner-i-airfryer/,33,328,10.06%,15.05
https://www.opskrift-airfryer.dk/opskrifter/lammekoelle-i-airfryer.html,33,261,12.64%,16.36
https://www.opskrift-airfryer.dk/,32,3735,0.86%,62.18
https://www.opskrift-airfryer.dk/sproede-fiskefileter-i-airfryer-nem-opskrift-paa-klassisk-fiskeret/,32,3400,0.94%,18.42
https://www.opskrift-airfryer.dk/opskrifter/klejner-i-airfryer.html,32,398,8.04%,9.36
https://www.opskrift-airfryer.dk/opskrifter/bagt-fennikel-i-airfryer.html,32,102,31.37%,10.46
https://www.opskrift-airfryer.dk/category/fasan/,31,934,3.32%,10.18
https://www.opskrift-airfryer.dk/grillede-groentsager-med-dip-i-airfryer-nem-og-laekker-opskrift/,30,1896,1.58%,26
https://www.opskrift-airfryer.dk/🍗-marinerede-kyllingelaar-paa-grill-saftige-sproede-og-fulde-af-smag/,29,3240,0.9%,30.16
https://www.opskrift-airfryer.dk/opskrift-paa-chokoladekage-i-airfryer-nem-luftig-og-laekker/,29,1821,1.59%,21.12
https://www.opskrift-airfryer.dk/🔥-everdure-furnace-ii-stilfuld-og-kraftfuld-gasgrill-til-madentusiaster/,29,1237,2.34%,17.99
https://www.opskrift-airfryer.dk/koedfrie-alternativer-perfekte-til-plantebaserede-proteiner-i-airfryeren/,29,939,3.09%,45.38
https://www.opskrift-airfryer.dk/🍳-spejlaeg-i-airfryer-perfekt-resultat-paa-faa-minutter/,29,583,4.97%,12.14
https://www.opskrift-airfryer.dk/🌽-airfryer-majs-med-kryddersmoer-og-parmesan-perfekt-til-sommerens-grillstemning/,28,2797,1%,11.89
https://www.opskrift-airfryer.dk/rosenkaal-i-airfryer-den-perfekte-kombination-af-sproedhed-og-smag/,28,2422,1.16%,13.73
https://www.opskrift-airfryer.dk/🥓🍏-aebleflaesk-i-airfryer-en-dansk-klassiker-med-et-moderne-twist/,28,1006,2.78%,11.72
https://www.opskrift-airfryer.dk/ninja-foodi-flexdrawer-af500eu-perfekt-til-fleksibel-madlavning/,27,2551,1.06%,38.21
https://www.opskrift-airfryer.dk/luftig-og-laekker-aeggekage-i-airfryer-nemme-variationer-til-enhver-smag-🍳/,27,2421,1.12%,21.72
https://www.opskrift-airfryer.dk/🧀-burrata-med-bagte-tomater-i-airfryer-en-cremet-og-intens-smagsoplevelse-🍅✨/,27,1790,1.51%,15.89
https://www.opskrift-airfryer.dk/🥬-saadan-dyrker-du-spinat-eller-babyspinat-indendoers-frisk-hoest-paa-faa-uger/,27,1344,2.01%,19.58
https://www.opskrift-airfryer.dk/casper-sobczyk-slim-5l-kompakt-og-effektiv-airfryer-til-hverdagsbrug/,27,1011,2.67%,14.17
https://www.opskrift-airfryer.dk/🇬🇷-graeske-frikadeller-i-airfryer-sproede-saftige-og-fyldt-med-smag/,26,1835,1.42%,33.29
https://www.opskrift-airfryer.dk/de-bedste-typer-af-boeffer-til-airfryeren-perfekte-steaks-paa-ingen-tid/,25,1713,1.46%,21.21
https://www.opskrift-airfryer.dk/casper-sobczyk-digital-airfryer-7l-en-stilren-og-rummelig-airfryer-til-hverdagens-madlavning/,24,4293,0.56%,18.95
https://www.opskrift-airfryer.dk/nybegynderen-tips-til-dig-der-overvejer-at-koebe-din-foerste-airfryer/,24,681,3.52%,22.34
https://www.opskrift-airfryer.dk/🏆-bedste-airfryer-i-2025-stor-guide-til-valg-test-og-anbefalinger/,23,5677,0.41%,32.64
https://www.opskrift-airfryer.dk/saftig-roastbeef-i-airfryer-nem-og-perfekt-tilberedt-hver-gang/,23,2092,1.1%,18.42
https://www.opskrift-airfryer.dk/veganske-nuggets-i-airfryer-perfekt-sproede-paa-ingen-tid/,23,1858,1.24%,20.96
https://www.opskrift-airfryer.dk/🥓-pizza-carbonara-i-pizzaovn-luksurioes-og-fyldig/,23,911,2.52%,13.05
https://www.opskrift-airfryer.dk/sproede-brunkager-i-airfryer-den-nemmeste-vej-til-julens-laekre-smaakager/,23,583,3.95%,28.56
https://www.opskrift-airfryer.dk/medister-i-airfryer-en-nem-og-laekker-loesning/,22,4772,0.46%,29.86
https://www.opskrift-airfryer.dk/hjemmelavede-bananchips-i-airfryer-sproede-sunde-🍌🔥/,22,1190,1.85%,13.09
https://www.opskrift-airfryer.dk/🌅-saadan-genvokser-du-foraarsloeg-nemt-og-hurtigt-i-vand-eller-jord/,22,1166,1.89%,19.77
https://www.opskrift-airfryer.dk/🧄-citronkylling-med-kartofler-rosmarin-og-hvidloegssauce-i-airfryer-saftig-gylden-og-fuld-af-smag/,22,512,4.3%,14.97
https://www.opskrift-airfryer.dk/opskrifter/pulled-duck-i-airfryer.html,22,94,23.4%,5.54
https://www.opskrift-airfryer.dk/opskrifter/perlehoenebryst-i-airfryer.html,22,51,43.14%,3.88
https://www.opskrift-airfryer.dk/svinemoerbrad-i-airfryer-saftig-moert-og-utroligt-nemt/,21,3183,0.66%,28.3
https://www.opskrift-airfryer.dk/sproede-og-laekre-rodfrugter-i-airfryer-nemt-tilbehoer-paa-ingen-tid/,21,2934,0.72%,18.57
https://www.opskrift-airfryer.dk/cozze-pizzaovn-til-gas-med-termometer-17-en-hurtig-og-effektiv-pizzaovn-til-hjemmet/,21,2571,0.82%,36.54
https://www.opskrift-airfryer.dk/5-overraskende-retter-du-kan-lave-i-din-airfryer-fra-aeg-til-kager/,21,1578,1.33%,22.19
https://www.opskrift-airfryer.dk/🍽-billige-maaltider-du-kan-lave-i-din-airfryer-spar-penge-uden-at-gaa-paa-kompromis-med-smagen/,21,1519,1.38%,43.4
https://www.opskrift-airfryer.dk/anmeldelse-af-obh-nordica-ag905bs0-dual-easy-fry-grill-en-alsidig-airfryer-til-enhver-lejlighed/,21,1473,1.43%,30.31
https://www.opskrift-airfryer.dk/groentsagsfritter-i-airfryer-sproedt-sundt-og-nemt/,21,1095,1.92%,16.38
https://www.opskrift-airfryer.dk/perfekte-grillede-vildsvinekoteletter-i-airfryer-nemt-og-laekkert/,21,362,5.8%,11.5
https://www.opskrift-airfryer.dk/opskrifter/vildsvin-moerbrad-klassisk-i-airfryer.html,21,191,10.99%,7.2
https://www.opskrift-airfryer.dk/opskrifter/kullerfilet-i-airfryer.html,21,126,16.67%,7.14
https://www.opskrift-airfryer.dk/sproede-falafler-i-airfryer-lav-dine-egne-eller-brug-faerdiglavede/,20,2364,0.85%,14.3
https://www.opskrift-airfryer.dk/dan-grill-valhal-310-cs-en-solid-og-prisvenlig-gasgrill-til-hverdagsbrug/,20,956,2.09%,13.7
https://www.opskrift-airfryer.dk/kanel-og-kardemommeboller-saftige-og-smagfulde-bagt-i-airfryeren/,20,638,3.13%,20.81
https://www.opskrift-airfryer.dk/perfekte-aeg-i-airfryer-nemt-og-hurtigt/,19,5852,0.32%,23.99
https://www.opskrift-airfryer.dk/✨-casper-sobczyk-slim-airfryer-8l-en-elegant-og-rummelig-airfryer/,19,1871,1.02%,21.74
https://www.opskrift-airfryer.dk/🧄-pasta-alfredo-med-kylling-og-broccoli-i-airfryer-cremet-mild-og-uimodstaaelig/,19,1282,1.48%,23.4
https://www.opskrift-airfryer.dk/opskrifter/svineskank-i-airfryer-sproed-svaer-og-moert-koed.html,19,279,6.81%,9.43
https://www.opskrift-airfryer.dk/tag/raadyr/,19,215,8.84%,12.8
https://www.opskrift-airfryer.dk/🍑-grillede-ferskner-med-honning-i-airfryer-den-nemmeste-sommerdessert/,19,186,10.22%,34.3
https://www.opskrift-airfryer.dk/hjemmelavet-poelsemix-i-airfryer-sproedt-laekkert-og-nemt-🌭🍟/,18,2942,0.61%,29.63
https://www.opskrift-airfryer.dk/casper-sobczyk-digital-airfryer-8l-stor-kapacitet-og-enkel-betjening/,18,2000,0.9%,23.16
https://www.opskrift-airfryer.dk/opskrifter/ribeye-steak-i-airfryer.html,18,816,2.21%,15.74
https://www.opskrift-airfryer.dk/🫘-indisk-dahl-med-linser-kokosmaelk-og-naan-i-airfryer-varm-krydret-og-plantebaseret/,18,493,3.65%,28.83
https://www.opskrift-airfryer.dk/sund-sproed-pizza-i-airfryer-den-perfekte-smagsoplevelse-🍕🔥/,17,1862,0.91%,22.25
https://www.opskrift-airfryer.dk/opskrifter/gyoza-i-airfryer.html,17,999,1.7%,11.75
https://www.opskrift-airfryer.dk/chorizo-og-aeg-quesadilla-i-airfryer-nem-og-smagfuld-morgenmad/,17,909,1.87%,18.64
https://www.opskrift-airfryer.dk/brownie-bites-nem-cafe-klassiker-i-airfryer/,17,651,2.61%,12.95
https://www.opskrift-airfryer.dk/🥕-sproede-gulerodsfritter-med-krydret-aioli-en-sundere-snack-med-masser-af-smag/,17,357,4.76%,11.65
https://www.opskrift-airfryer.dk/opskrifter/t-bone-steak-i-airfryer.html,17,204,8.33%,27.42
https://www.opskrift-airfryer.dk/din-komplette-guide-til-airfryer-tilbehoer-faa-det-bedste-ud-af-din-madlavning/,16,1746,0.92%,45.42
https://www.opskrift-airfryer.dk/de-5-bedste-airfryere-i-2025-stor-guide-til-den-perfekte-model/,16,1096,1.46%,26.9
https://www.opskrift-airfryer.dk/cozze-e-300-elektrisk-grill-en-kraftfuld-og-kompakt-grill-til-nem-indendoers-og-udendoers-brug/,16,1040,1.54%,29.4
https://www.opskrift-airfryer.dk/hjemmelavede-muslibarer-i-airfryer-🍯🌰-sproede-sunde-og-uimodstaaelige/,16,966,1.66%,34.31
https://www.opskrift-airfryer.dk/bananbroed-muffins-til-boern-i-airfryer-laekker-og-sund-snack-paa-ingen-tid/,16,547,2.93%,29.22
https://www.opskrift-airfryer.dk/🥬-groentsagsfrikadeller-i-airfryer-med-squash-gulerod-og-urter/,16,526,3.04%,55.1
https://www.opskrift-airfryer.dk/🥯-proteinbagels-i-airfryer-glutenfri-low-carb-og-klar-paa-ingen-tid/,16,290,5.52%,13.38
https://www.opskrift-airfryer.dk/tag/vildsvin/,16,233,6.87%,34.23
https://www.opskrift-airfryer.dk/opskrifter/sejfilet-i-airfryer.html,16,229,6.99%,12.72
https://www.opskrift-airfryer.dk/morsoe-forno-spin-en-stilfuld-og-effektiv-pizzaovn-til-det-moderne-udekoekken/,15,3495,0.43%,35.19
https://www.opskrift-airfryer.dk/🍞-airfryer-hveder-til-store-bededag-lune-bloede-og-nostalgiske/,15,1436,1.04%,12.89
https://www.opskrift-airfryer.dk/tag/spidskaal/,15,892,1.68%,32.02
https://www.opskrift-airfryer.dk/🧄-airfryer-hvidloeg-citron-shot-naturligt-staerkt-og-immunboostende/,15,688,2.18%,10.99
https://www.opskrift-airfryer.dk/🔥-airfryer-smores-den-ultimative-nemme-dessertsnack/,15,671,2.24%,13.07
https://www.opskrift-airfryer.dk/🍤-cremet-pasta-med-tigerrejer-og-spinat-i-airfryer-nem-laekker-og-luksurioes/,15,622,2.41%,30.24
https://www.opskrift-airfryer.dk/🍓-airfryer-jordbaer-crumble-soed-sproed-og-klar-paa-ingen-tid/,15,417,3.6%,38.65
https://www.opskrift-airfryer.dk/🐖-klassisk-flaeskesteg-paa-grill-med-sproed-svaer-og-saftigt-koed/,14,3838,0.36%,36.83
https://www.opskrift-airfryer.dk/laksefileter-i-airfryer-nemt-sundt-og-utroligt-laekkert/,14,3203,0.44%,51.35
https://www.opskrift-airfryer.dk/hurtige-og-nemme-syltede-roedloeg-i-airfryer-klar-paa-ingen-tid/,14,2372,0.59%,25.49
https://www.opskrift-airfryer.dk/lune-paaskeboller-med-chokolade-i-airfryer-🍫🥯/,14,1110,1.26%,26.01
https://www.opskrift-airfryer.dk/lav-det-perfekte-udekoekken-med-cozze-den-ultimative-guide/,14,705,1.99%,32.67
https://www.opskrift-airfryer.dk/ninja-double-stack-xl-sl400-en-alsidig-airfryer-til-store-portioner/,14,522,2.68%,11.56
https://www.opskrift-airfryer.dk/marcipan-og-chokoladesmaakager-den-perfekte-soede-bid-fra-din-airfryer/,14,459,3.05%,23.65
https://www.opskrift-airfryer.dk/opskrifter/hel-makrel-i-airfryer-citron-og-urter.html,14,129,10.85%,9.14
https://www.opskrift-airfryer.dk/opskrifter/gratineret-oesters-i-airfryer.html,14,93,15.05%,41.41
https://www.opskrift-airfryer.dk/sproede-og-saftige-kyllingelaar-i-airfryer-nemt-og-laekkert-paa-under-30-minutter/,13,4699,0.28%,37.82
https://www.opskrift-airfryer.dk/🧄-saadan-dyrker-du-hvidloeg-med-groenne-spirer-og-blomster-indendoers/,13,2370,0.55%,29.33
https://www.opskrift-airfryer.dk/🐟-fiskefrikadeller-i-airfryer-klassisk-opskrift-med-citron-og-dild/,13,939,1.38%,16.04
https://www.opskrift-airfryer.dk/julebagvaerk-fra-airfryeren-nemt-hurtigt-og-fyldt-med-hygge/,13,819,1.59%,25.08
https://www.opskrift-airfryer.dk/de-mest-populaere-airfryers-i-2024/,13,815,1.6%,36.73
https://www.opskrift-airfryer.dk/pebernoedder-i-airfryer-klassiske-julesmaakager-paa-en-nem-maade/,13,646,2.01%,49.84
https://www.opskrift-airfryer.dk/🐓-butter-chicken-med-spinat-og-ris-i-en-gryde-i-airfryer-cremet-krydret-og-komplet/,13,376,3.46%,14.19
https://www.opskrift-airfryer.dk/crispy-fish-tacos-i-airfryer-sproed-smagfuld-frisk-🌮🔥/,13,331,3.93%,24.54
https://www.opskrift-airfryer.dk/opskrifter/helleflynder-i-airfryer.html,13,30,43.33%,4.1
https://www.opskrift-airfryer.dk/bagte-kartofler-i-airfryer-perfekt-tilbehoer-paa-ingen-tid/,12,5306,0.23%,38.16
https://www.opskrift-airfryer.dk/moerbrad-fillet-steak-i-airfryer-saftig-og-moer-paa-ingen-tid/,12,3435,0.35%,20.45
https://www.opskrift-airfryer.dk/🐖-asiatisk-pulled-pork-bowl-med-ris-og-syltede-groentsager-i-airfryer-moert-krydret-og-fyldt-med-umami/,12,1668,0.72%,22.8
https://www.opskrift-airfryer.dk/anmeldelse-af-xiaomi-mi-smart-air-fryer-en-moderne-tilgang-til-madlavning/,12,1166,1.03%,18.51
https://www.opskrift-airfryer.dk/🥩-bbq-marinerede-short-ribs-i-airfryer-moere-karamelliserede-ribben-med-intens-smag/,12,969,1.24%,28.52
https://www.opskrift-airfryer.dk/🦐-pizza-med-rejer-og-hvidloeg-middelhavsinspireret-og-sommerlig/,12,626,1.92%,15.57
https://www.opskrift-airfryer.dk/🍩-sunde-doughnuts-i-airfryer-bagt-med-havregryn-og-banan-uden-friture/,12,301,3.99%,16.38
https://www.opskrift-airfryer.dk/sproede-foraarsruller-i-airfryer-den-perfekte-snack-paa-ingen-tid/,11,3248,0.34%,28.15
https://www.opskrift-airfryer.dk/hasselback-kartofler-i-airfryer-sproed-perfektion-hver-gang/,11,2894,0.38%,25.24
https://www.opskrift-airfryer.dk/🥓-spareribs-paa-grill-moere-saftige-og-smaekfyldt-med-smag/,11,2861,0.38%,30.9
https://www.opskrift-airfryer.dk/🍠-airfryer-hasselback-sweet-potatoes-smagfulde-sproede-og-karamelliserede/,11,1162,0.95%,32.93
https://www.opskrift-airfryer.dk/soed-kartoffel-toast-med-avocado-i-airfryer/,11,1056,1.04%,18.78
https://www.opskrift-airfryer.dk/sproede-plantebaserede-nuggets-i-airfryer-🌱🍗/,11,1021,1.08%,28.18
https://www.opskrift-airfryer.dk/luftigt-broed-med-soltoerrede-tomater-feta-og-sorte-oliven-i-airfryeren/,11,856,1.29%,16.21
https://www.opskrift-airfryer.dk/opskrifter/tebirkes-i-airfryer.html,11,212,5.19%,9.39
https://www.opskrift-airfryer.dk/opskrifter/bagte-porrer-i-airfryer.html,11,134,8.21%,18.99
https://www.opskrift-airfryer.dk/opskrifter/gratineret-hummer-i-airfryer.html,11,106,10.38%,15.92
https://www.opskrift-airfryer.dk/opskrifter/sild-med-loeg-i-airfryer-stegt.html,11,80,13.75%,11.05
https://www.opskrift-airfryer.dk/opskrifter/lammeskank-i-fad-smaa-stykker-i-airfryer.html,11,59,18.64%,5.93
https://www.opskrift-airfryer.dk/5-udvalgte-pizzaovne-til-sommeren-2025-find-din-perfekte-model-🍕🔥/,10,2120,0.47%,68.22
https://www.opskrift-airfryer.dk/🥙-kebabpizza-i-pizzaovn-saftig-og-smagfuld-oplevelse/,10,1143,0.87%,40.48
https://www.opskrift-airfryer.dk/🫘-saadan-dyrker-du-kikaerter-indendoers-nemt-og-groent/,10,1092,0.92%,15.17
https://www.opskrift-airfryer.dk/✨-princess-182065-airfryer-ovn-en-alsidig-og-rummelig-airfryer/,10,1080,0.93%,22.09
https://www.opskrift-airfryer.dk/hvordan-du-kan-kombinere-keto-kost-med-din-airfryer/,10,851,1.18%,31.18
https://www.opskrift-airfryer.dk/toerrede-roedbeder-i-airfryer-sproede-og-farverige-chips-paa-ingen-tid/,10,228,4.39%,20.06
https://www.opskrift-airfryer.dk/opskrifter/bao-buns-varmning-crisp-fyld-i-airfryer.html,10,100,10%,6.78
https://www.opskrift-airfryer.dk/opskrifter/kanin-filet-klassisk-i-airfryer.html,10,40,25%,5.45
https://www.opskrift-airfryer.dk/opskrifter/havkat-filet-i-airfryer.html,10,34,29.41%,34.79
https://www.opskrift-airfryer.dk/brunede-kartofler-i-airfryer/,9,2329,0.39%,27.18
https://www.opskrift-airfryer.dk/bagte-aeg-i-avocado-i-airfryer-sund-og-laekker-morgenmad/,9,930,0.97%,26.59
https://www.opskrift-airfryer.dk/premium-nachos-i-airfryer-sproede-ostede-fuld-af-smag-🔥🧀/,9,690,1.3%,23.46
https://www.opskrift-airfryer.dk/🥦-airfryer-groentsags-tempura-sproede-groentsager-uden-friture/,9,459,1.96%,41.38
https://www.opskrift-airfryer.dk/🗓️-madplan-1-uges-nem-og-laekker-aftensmad-i-airfryer-til-hele-familien/,9,449,2%,52.86
https://www.opskrift-airfryer.dk/🍄-cremet-svamperisotto-med-parmesan-og-spinat-i-airfryer-nem-groen-og-uimodstaaelig/,9,438,2.05%,24.15
https://www.opskrift-airfryer.dk/🪴-dyrk-din-egen-mad-derhjemme-7-nemme-ting-du-kan-gro-indendoers/,9,322,2.8%,21.11
https://www.opskrift-airfryer.dk/tag/roedkaal/,9,239,3.77%,10.56
https://www.opskrift-airfryer.dk/category/koed/,9,145,6.21%,26.5
https://www.opskrift-airfryer.dk/opskrifter/roedkaal-i-airfryer.html,9,81,11.11%,8.54
https://www.opskrift-airfryer.dk/weber-q3200-gasgrill-en-paalidelig-og-alsidig-udendoersgrill-til-alle-dine-behov/,8,5471,0.15%,32.29
https://www.opskrift-airfryer.dk/nem-og-laekker-laks-i-airfryer-klar-paa-10-minutter/,8,1542,0.52%,38.85
https://www.opskrift-airfryer.dk/🥐-mini-croissanter-med-fyld-i-airfryer-hurtige-sproede-og-uimodstaaelige/,8,1047,0.76%,27.59
https://www.opskrift-airfryer.dk/🧆-graeske-koedboller-i-tomatsauce-med-orzo-og-feta-i-airfryer-saftigt-aromatisk-og-helt-i-en-gryde/,8,988,0.81%,20.55
https://www.opskrift-airfryer.dk/🍋-saadan-dyrker-du-dit-eget-citrontrae-fra-en-citronkerne/,8,491,1.63%,21.08
https://www.opskrift-airfryer.dk/tag/chokolade/,8,210,3.81%,12.17
https://www.opskrift-airfryer.dk/luftige-og-sproede-aebleskiver-i-airfryer-den-moderne-juleklassiker/,7,2905,0.24%,17.37
https://www.opskrift-airfryer.dk/category/lam/,7,1065,0.66%,26.56
https://www.opskrift-airfryer.dk/banankage-i-airfryer-nem-og-saftig-opskrift/,7,807,0.87%,19.12
https://www.opskrift-airfryer.dk/morsoe-forno-gasgrill-elegance-og-funktionalitet-til-udendoers-madlavning/,7,734,0.95%,55.89
https://www.opskrift-airfryer.dk/🍠-soed-kartoffel-hummus-bowl-i-airfryer-cremet-sproed-og-fuld-af-farve/,7,717,0.98%,27.14
https://www.opskrift-airfryer.dk/franske-toasts-i-airfryer-nem-og-sproed-morgenmad-paa-faa-minutter/,7,681,1.03%,16.15
https://www.opskrift-airfryer.dk/saadan-kan-du-kombinere-din-airfryer-og-dit-hellofresh-abonnement-for-nem-og-laekker-madlavning/,7,467,1.5%,17.87
https://www.opskrift-airfryer.dk/sproede-hjemmelavede-grovfritter-i-airfryer-nemme-og-laekre/,7,450,1.56%,15.51
https://www.opskrift-airfryer.dk/🍗-kylling-i-sennepsfloedesauce-med-kartofler-og-groenne-boenner-i-airfryer-cremet-velsmagende-og-helt-i-en-gryde/,7,354,1.98%,22.71
https://www.opskrift-airfryer.dk/🥐-5-populaere-bagvaerk-du-kan-bage-i-din-airfryer-nemt-hurtigt-og-uimodstaaeligt/,7,278,2.52%,23.51
https://www.opskrift-airfryer.dk/🥘-spansk-chorizo-gryde-med-kikaerter-og-paprika-i-airfryer-rustik-krydret-og-fyldt-med-smag/,7,268,2.61%,22.49
https://www.opskrift-airfryer.dk/gyldne-paaskekartofler-med-timian-i-airfryer-🥔🌿/,7,252,2.78%,15.29
https://www.opskrift-airfryer.dk/🍓-foraarstaerte-med-spinat-feta-og-butterdej-i-airfryer-sproed-og-smagfuld/,7,208,3.37%,47.43
https://www.opskrift-airfryer.dk/🍠-saadan-dyrker-du-soed-kartoffel-i-vand-som-vinranke/,7,160,4.38%,27.06
https://www.opskrift-airfryer.dk/🍛-thailandsk-roed-karrygryde-med-oksekoed-og-kokosmaelk-i-airfryer-fyldig-cremet-og-aromatisk/,7,156,4.49%,24.01
https://www.opskrift-airfryer.dk/🍍-karamelliseret-ananas-med-honning-og-kanel-en-soed-og-let-dessert-med-eksotisk-twist/,7,131,5.34%,20.12
https://www.opskrift-airfryer.dk/opskrifter/tournedos-rossini-i-airfryer.html,7,99,7.07%,9.95
https://www.opskrift-airfryer.dk/opskrifter/kreolsk-kyllingelaarfilet-i-airfryer-i-airfryer.html,7,68,10.29%,15.38
https://www.opskrift-airfryer.dk/opskrifter/aal-i-airfryer.html,7,46,15.22%,6.72
https://www.opskrift-airfryer.dk/opskrifter/kalv-steak-klassisk-i-airfryer.html,7,35,20%,8.54
https://www.opskrift-airfryer.dk/category/opskrift/,6,1299,0.46%,55.76
https://www.opskrift-airfryer.dk/ostehvidloegsbroed-i-airfryer-🧄🧀-sproedt-gyldent-og-uimodstaaeligt/,6,748,0.8%,27.71
https://www.opskrift-airfryer.dk/🥕-airfryer-gulerod-ingefaer-shot-med-appelsin-og-gurkemeje-mildt-cremet-og-fyldt-med-naering/,6,461,1.3%,18.29
https://www.opskrift-airfryer.dk/🍖-bbq-droemmen-pulled-pork-pizza-med-roeget-cheddar-og-loeg/,6,447,1.34%,15.35
https://www.opskrift-airfryer.dk/🥚-mini-frittata-med-spinat-og-foraarsloeg-i-airfryer-nem-proteinrig-snack-eller-brunchret/,6,439,1.37%,54.2
https://www.opskrift-airfryer.dk/🍄-svampepizza-med-troeffelolie-i-pizzaovn-luksurioes-og-aromatisk/,6,429,1.4%,36.86
https://www.opskrift-airfryer.dk/mini-pizzaer-til-boern-i-airfryer-sjove-og-nemme-at-lave/,6,423,1.42%,29.34
https://www.opskrift-airfryer.dk/🧄-airfryer-roesti-med-parmesan-og-urter-sproede-kartoffelpandekager-med-masser-af-umami/,6,368,1.63%,11.29
https://www.opskrift-airfryer.dk/hjemmelavede-avocadofritter-i-airfryer/,6,247,2.43%,7.99
https://www.opskrift-airfryer.dk/🍲-mexicansk-enchilada-gryde-med-kylling-og-boenner-i-airfryer-krydret-comfort-food/,6,236,2.54%,22.88
https://www.opskrift-airfryer.dk/oreos-i-airfryer-en-nem-og-laekker-dessertide/,6,179,3.35%,28.08
https://www.opskrift-airfryer.dk/tag/knaekbroed/,6,172,3.49%,7.49
https://www.opskrift-airfryer.dk/tag/vaniljekranse/,6,163,3.68%,10.19
https://www.opskrift-airfryer.dk/opskrifter/kalvekoteletter-i-airfryer.html,6,162,3.7%,10.88
https://www.opskrift-airfryer.dk/category/vildt/,6,149,4.03%,11.98
https://www.opskrift-airfryer.dk/opskrifter/andefrikadeller-i-airfryer.html,6,51,11.76%,10.88
https://www.opskrift-airfryer.dk/opskrifter/tykstegsmedaljoner-i-airfryer.html,6,46,13.04%,8.52
https://www.opskrift-airfryer.dk/opskrifter/hummer-i-airfryer.html,6,40,15%,9.47
https://www.opskrift-airfryer.dk/opskrifter/roedfisk-i-airfryer-smoer-og-urter.html,6,26,23.08%,5.42
https://www.opskrift-airfryer.dk/cosori-dual-blaze-caf-p583s-keur-innovativ-airfryer-til-praecisionsmadlavning/,5,1616,0.31%,29.91
https://www.opskrift-airfryer.dk/opskrift-paa-braendte-mandler-i-airfryer/,5,1248,0.4%,27.26
https://www.opskrift-airfryer.dk/🫛-saadan-dyrker-du-aerter-og-sukkeraerter-indendoers-spis-spirer-og-baelge/,5,993,0.5%,37.7
https://www.opskrift-airfryer.dk/opskrifter/leverpostej-i-airfryer.html,5,543,0.92%,16.76
https://www.opskrift-airfryer.dk/g3-ferrari-delizia-pizzaovn-italiensk-elegance-til-hjemmet/,5,454,1.1%,18.18
https://www.opskrift-airfryer.dk/majskolber-i-airfryer-soede-saftige-smoerstegte-🌽🔥/,5,390,1.28%,19.38
https://www.opskrift-airfryer.dk/smaa-pavlovaer-med-julepynt-i-airfryer/,5,386,1.3%,9.84
https://www.opskrift-airfryer.dk/philips-premium-xxl-hd9867-90-en-omfattende-anmeldelse/,5,361,1.39%,24.29
https://www.opskrift-airfryer.dk/kanelsnegle-med-julet-twist-perfekte-til-airfryeren/,5,353,1.42%,18.66
https://www.opskrift-airfryer.dk/🍳-airfryer-breakfast-bombs-nemme-morgenmadsbomber-med-aeg-bacon-og-ost/,5,318,1.57%,26.63
https://www.opskrift-airfryer.dk/🥩-bbq-kylling-pizza-med-roeget-cheddar-og-karamelliserede-loeg/,5,307,1.63%,32.04
https://www.opskrift-airfryer.dk/🧄-cremet-hvidloegspasta-med-champignon-og-salvie-i-airfryer-silkebloed-aromatisk-og-uimodstaaelig/,5,300,1.67%,23.48
https://www.opskrift-airfryer.dk/🫚-airfryer-ingefaershot-med-citron-og-honning-nemt-og-kraftfuldt-immunboost/,5,266,1.88%,28.7
https://www.opskrift-airfryer.dk/opskrift-paa-groentsagsbaserede-burgere-🍔/,5,265,1.89%,22.29
https://www.opskrift-airfryer.dk/tag/wattson/,5,260,1.92%,10.58
https://www.opskrift-airfryer.dk/🍤-rejer-med-chili-og-lime-i-airfryer-spicy-frisk-og-faerdig-paa-faa-minutter/,5,200,2.5%,20.8
https://www.opskrift-airfryer.dk/opskrifter/jordskokkechips-i-airfryer.html,5,192,2.6%,9.64
https://www.opskrift-airfryer.dk/opskrifter/hasselback-guleroedder-i-airfryer-i-airfryer.html,5,170,2.94%,31.01
https://www.opskrift-airfryer.dk/🥒-grillede-groentsagsspyd-med-mozzarella-og-pesto-i-airfryer-farverige-og-smagfulde-til-sommermaden/,5,159,3.14%,42.76
https://www.opskrift-airfryer.dk/opskrifter/bagt-camembert-med-honning-i-airfryer.html,5,152,3.29%,14.88
https://www.opskrift-airfryer.dk/opskrifter/fladbroed-med-hytteost-og-aeg-i-airfryer.html,5,105,4.76%,48.57
https://www.opskrift-airfryer.dk/🌿-airfryer-blomkaalsbites-med-krydret-panering-sproed-sund-og-nem-snack/,5,104,4.81%,20.64
https://www.opskrift-airfryer.dk/opskrifter/kaaldolmere-med-oksekoed-i-airfryer.html,5,97,5.15%,10.2
https://www.opskrift-airfryer.dk/bagt-brie-med-tranebaer-cremet-laekker-ostetreat-🧀🔥/,5,71,7.04%,13.45
https://www.opskrift-airfryer.dk/category/pasta/,5,64,7.81%,36.44
https://www.opskrift-airfryer.dk/🍫-airfryer-kinder-gigant-tiktok-viral-dessert-for-chokoladeelskere/,5,62,8.06%,17.03
https://www.opskrift-airfryer.dk/opskrifter/kammuslinger-med-bacon-i-airfryer.html,5,56,8.93%,7.96
https://www.opskrift-airfryer.dk/opskrifter/berliner-i-airfryer.html,5,51,9.8%,6.27
https://www.opskrift-airfryer.dk/opskrifter/vildsvinekoteletter-i-airfryer.html,5,51,9.8%,7.45
https://www.opskrift-airfryer.dk/opskrifter/boller-i-karry-koedboller-forstegt-i-airfryer.html,5,50,10%,15.58
https://www.opskrift-airfryer.dk/mini-omeletmuffins-i-airfryer-proteinrige-perfekte-til-morgenmad-🍳🔥/,5,29,17.24%,14.48
https://www.opskrift-airfryer.dk/opskrifter/pesto-kyllingebryst-med-mozzarella-i-airfryer-i-airfryer.html,5,14,35.71%,21.86
https://www.opskrift-airfryer.dk/924-2/,4,2780,0.14%,44.64
https://www.opskrift-airfryer.dk/🌶️-pizza-diavola-i-pizzaovn-staerk-og-smagfuld/,4,2124,0.19%,13.89
https://www.opskrift-airfryer.dk/mini-poelsehorn-i-airfryer-nemme-og-sproede-snacks-paa-faa-minutter/,4,1129,0.35%,24.93
https://www.opskrift-airfryer.dk/ooni-koda-16-professionel-pizzabagning-hjemme-paa-terrassen/,4,945,0.42%,36.06
https://www.opskrift-airfryer.dk/ninja-foodi-af300eu-en-grundig-anmeldelse-af-en-alsidig-airfryer/,4,881,0.45%,30
https://www.opskrift-airfryer.dk/category/broed/,4,552,0.72%,41.02
https://www.opskrift-airfryer.dk/🍪-bloede-cookies-med-moerk-chokolade-i-airfryer-klar-paa-8-minutter/,4,514,0.78%,30.85
https://www.opskrift-airfryer.dk/🌯-mini-tortilla-med-fyld-sproede-og-smagfulde-i-airfryer/,4,423,0.95%,30.01
https://www.opskrift-airfryer.dk/🍝-gnocchi-i-tomatsauce-med-mozzarella-og-spinat-i-airfryer-bloed-boblende-og-fuld-af-smag/,4,371,1.08%,20.58
https://www.opskrift-airfryer.dk/princess-pizzaovn-pro-en-alsidig-og-kompakt-pizzaovn-til-hjemmebrug/,4,336,1.19%,35.07
https://www.opskrift-airfryer.dk/hjemmelavede-kyllingenuggets-til-boern-i-airfryer-sproede-og-sunde/,4,331,1.21%,22.82
https://www.opskrift-airfryer.dk/✨-obh-nordica-ag5018s0-effektiv-og-brugervenlig-airfryer/,4,305,1.31%,29.44
https://www.opskrift-airfryer.dk/vaniljekranse-i-airfryer-julesmaakager-paa-den-nemme-maade/,4,226,1.77%,35.07
https://www.opskrift-airfryer.dk/anmeldelse-af-philips-hd9880-90-en-avanceret-airfryer-til-den-kraesne-forbruger/,4,223,1.79%,30.52
https://www.opskrift-airfryer.dk/philips-5000-xxl-connected-hd9285-93-en-alsidig-og-moderne-airfryer/,4,221,1.81%,27.03
https://www.opskrift-airfryer.dk/🥙-airfryer-fladbroed-med-ricotta-og-pocheret-aeg-laekkert-og-luftigt/,4,206,1.94%,9.51
https://www.opskrift-airfryer.dk/🌸-foraarsretter-du-kan-lave-i-din-airfryer-🌸/,4,170,2.35%,18.52
https://www.opskrift-airfryer.dk/cafe-klassikere-i-airfryer-genskab-hyggelige-favoritter-derhjemme/,4,163,2.45%,28.47
https://www.opskrift-airfryer.dk/tag/ost/,4,130,3.08%,17.25
https://www.opskrift-airfryer.dk/opskrifter/hasselback-roedbeder-i-airfryer.html,4,122,3.28%,26.45
https://www.opskrift-airfryer.dk/🍣-airfryer-sushi-bites-sproede-smaabidder-med-smag-af-japan/,4,117,3.42%,9.26
https://www.opskrift-airfryer.dk/tag/onepot/,4,88,4.55%,17.98
https://www.opskrift-airfryer.dk/tag/asien/,4,65,6.15%,32.98
https://www.opskrift-airfryer.dk/tag/af500eu/,4,64,6.25%,27.64
https://www.opskrift-airfryer.dk/☀️-10-nemme-sommerretter-i-airfryer-let-laekkert-og-hurtigt-paa-varme-dage/,4,55,7.27%,22.36
https://www.opskrift-airfryer.dk/indbagte-jalapenos-i-airfryer-sproede-fyldte-med-smeltet-ost-🌶🧀🔥/,4,54,7.41%,9.76
https://www.opskrift-airfryer.dk/opskrifter/bagt-havregroed-i-airfryer.html,4,52,7.69%,11.63
https://www.opskrift-airfryer.dk/laekker-omelet-i-airfryer-nem-og-sund-opskrift/,4,51,7.84%,9.18
https://www.opskrift-airfryer.dk/opskrifter/baconchips-i-airfryer.html,4,30,13.33%,4.83
https://www.opskrift-airfryer.dk/opskrifter/vildsvin-steak-klassisk-i-airfryer.html,4,26,15.38%,8.19
https://www.opskrift-airfryer.dk/opskrifter/paere-crumble-i-airfryer-i-airfryer.html,4,26,15.38%,15.15
https://www.opskrift-airfryer.dk/opskrifter/okse-bryst-klassisk-i-airfryer.html,4,23,17.39%,15.78
https://www.opskrift-airfryer.dk/opskrifter/hytteost-fladbroed-i-airfryer.html,4,21,19.05%,22.29
https://www.opskrift-airfryer.dk/opskrifter/kalkunlaar-i-airfryer-sproedt-skind.html,4,20,20%,8
https://www.opskrift-airfryer.dk/opskrifter/skipperlabskovs-hurtig-i-airfryer.html,4,9,44.44%,2.67
https://www.opskrift-airfryer.dk/🍗-kylling-i-airfryer-de-bedste-maader-at-lave-kylling-sproed-saftig-og-nem/,3,1771,0.17%,57.61
https://www.opskrift-airfryer.dk/hjemmelavede-soede-kartoffelfritter-i-airfryer/,3,1628,0.18%,18.89
https://www.opskrift-airfryer.dk/juleretter-du-kan-lave-i-din-airfryer-nemt-hurtigt-og-laekkert/,3,947,0.32%,61.15
https://www.opskrift-airfryer.dk/🐣-airfryer-aegge-nuggets-med-bacon-og-cheddar-perfekte-til-paaskefrokost-og-brunch/,3,735,0.41%,36.6
https://www.opskrift-airfryer.dk/🧄-hvidloegsbroed-med-ost-i-airfryer-sproedt-smagfuldt-og-klar-paa-faa-minutter/,3,623,0.48%,21.09
https://www.opskrift-airfryer.dk/361-2/,3,617,0.49%,20.29
https://www.opskrift-airfryer.dk/🥑-avocado-og-roeget-laks-pizza-frisk-og-cremet/,3,491,0.61%,26.68
https://www.opskrift-airfryer.dk/opskrifter/nachos-i-airfryer-ostesauce.html,3,468,0.64%,16.05
https://www.opskrift-airfryer.dk/saadan-kan-din-airfryer-hjaelpe-dig-med-at-komme-i-form-i-det-nye-aar/,3,429,0.7%,61.35
https://www.opskrift-airfryer.dk/instant-vortex-plus-6-in-1-den-ultimative-multifunktionelle-airfryer-til-dit-koekken/,3,419,0.72%,22.87
https://www.opskrift-airfryer.dk/🍋-citronmarineret-kyllingebryst-med-friske-urter-i-airfryer-saftigt-og-smagfuldt/,3,348,0.86%,64.8
https://www.opskrift-airfryer.dk/julescones-med-toerrede-frugter-i-airfryer/,3,278,1.08%,10.28
https://www.opskrift-airfryer.dk/kanelboller-i-airfryer-bloede-luftige-med-sproed-kant-🍂🔥/,3,273,1.1%,24.81
https://www.opskrift-airfryer.dk/🥪-toast-med-ost-skinke-og-tomat-i-airfryer-sproed-fredagsklassiker/,3,232,1.29%,33.96
https://www.opskrift-airfryer.dk/cosori-premium-cp158-af-rxb-airfryeren-der-tager-din-madlavning-til-naeste-niveau/,3,227,1.32%,28
https://www.opskrift-airfryer.dk/emerio-po-115984-pizzaovn-en-kompakt-og-sjov-pizzaovn-til-hjemmet/,3,227,1.32%,39.86
https://www.opskrift-airfryer.dk/category/nytaar/,3,176,1.7%,50.67
https://www.opskrift-airfryer.dk/🥔-airfryer-kartoffelvafler-sproede-luftige-og-perfekte-som-tilbehoer/,3,175,1.71%,13.31
https://www.opskrift-airfryer.dk/🥩-steak-og-svampepizza-i-pizzaovn-luksurioes-og-fyldig/,3,174,1.72%,18.22
https://www.opskrift-airfryer.dk/🐟-airfryer-misomarineret-torsk-japansk-twist-med-sproed-karamellisering/,3,170,1.76%,11.52
https://www.opskrift-airfryer.dk/category/jul/,3,162,1.85%,34.44
https://www.opskrift-airfryer.dk/top/tider-og-temperaturer.html,3,152,1.97%,34.07
https://www.opskrift-airfryer.dk/🍗-airfryer-lemon-pepper-wings-sproede-vinger-med-masser-af-smag-og-uden-olie/,3,138,2.17%,28.67
https://www.opskrift-airfryer.dk/opskrifter/groenne-boenner-med-bacon-i-airfryer.html,3,122,2.46%,27.61
https://www.opskrift-airfryer.dk/tag/tun/,3,117,2.56%,8.89
https://www.opskrift-airfryer.dk/halloumi-fries-i-airfryer-sproede-laekre-🧀🔥/,3,105,2.86%,6.73
https://www.opskrift-airfryer.dk/tag/t-bone/,3,100,3%,18.17
https://www.opskrift-airfryer.dk/sproed-og-marineret-tempeh-i-airfryeren/,3,99,3.03%,41.29
https://www.opskrift-airfryer.dk/category/aftensmad/,3,97,3.09%,50.82
https://www.opskrift-airfryer.dk/🍍-hawaiiansk-pizza-i-pizzaovn-skinke-og-ananas/,3,89,3.37%,24.96
https://www.opskrift-airfryer.dk/✨-philips-2000-series-airfryer-kompakt-brugervenlig-og-effektiv/,3,77,3.9%,16.26
https://www.opskrift-airfryer.dk/tag/lammekrone/,3,65,4.62%,10.15
https://www.opskrift-airfryer.dk/🍗-kylling-ris-bowl-i-airfryer-frisk-maettende-og-fuld-af-smag/,3,63,4.76%,27.3
https://www.opskrift-airfryer.dk/🫓-fladbroed-med-yoghurt-og-hvidloeg-bloede-og-luftige-i-airfryer/,3,63,4.76%,34.52
https://www.opskrift-airfryer.dk/tag/vegetar/,3,58,5.17%,36.1
https://www.opskrift-airfryer.dk/napoli-electric-pizza-oven-13-en-kompakt-og-effektiv-elektrisk-pizzaovn/,3,51,5.88%,12.22
https://www.opskrift-airfryer.dk/sproed-kyllingesandwich-i-airfryer-saftig-knasende-laekker-🍔🔥/,3,48,6.25%,28.67
https://www.opskrift-airfryer.dk/de-bedste-typer-af-koed-til-airfryeren-sproede-saftige-og-nemme-retter/,3,44,6.82%,26.7
https://www.opskrift-airfryer.dk/opskrifter/hummerhaler-i-airfryer.html,3,43,6.98%,9.95
https://www.opskrift-airfryer.dk/opskrifter/porchetta-i-airfryer-italiensk-rulle.html,3,42,7.14%,31.24
https://www.opskrift-airfryer.dk/opskrifter/krydret-tun-steak-i-airfryer-i-airfryer.html,3,40,7.5%,9.12
https://www.opskrift-airfryer.dk/opskrifter/spejlaeg-i-airfryer.html,3,40,7.5%,24.02
https://www.opskrift-airfryer.dk/🥟-airfryer-burek-med-ost-og-spinat-sproed-gylden-og-fyldt-med-smag/,3,37,8.11%,35.84
https://www.opskrift-airfryer.dk/5-laekre-ting-du-kan-sylte-i-din-airfryer-nemt-og-hurtigt/,3,35,8.57%,22.66
https://www.opskrift-airfryer.dk/tag/hytteost/,3,34,8.82%,18.18
https://www.opskrift-airfryer.dk/tag/q1200/,3,32,9.38%,11.56
https://www.opskrift-airfryer.dk/opskrifter/tunboeffer-med-peber-i-airfryer.html,3,27,11.11%,11.7
https://www.opskrift-airfryer.dk/opskrifter/hindbaersnitter-smaa-i-airfryer.html,3,21,14.29%,4.43
https://www.opskrift-airfryer.dk/opskrifter/graeskarsuppe-topping-af-kerner-kombo-i-airfryer.html,3,21,14.29%,8.81
https://www.opskrift-airfryer.dk/opskrifter/graeskarchips-i-airfryer.html,3,16,18.75%,14.44
https://www.opskrift-airfryer.dk/opskrifter/kronhjort-filet-i-airfryer.html,3,15,20%,7.2
https://www.opskrift-airfryer.dk/opskrifter/fiskeburger-i-airfryer.html,3,14,21.43%,16.86
https://www.opskrift-airfryer.dk/opskrifter/tunfrikadeller-i-airfryer.html,3,13,23.08%,9
https://www.opskrift-airfryer.dk/opskrifter/kanin-filet-bbq-i-airfryer.html,3,12,25%,6
https://www.opskrift-airfryer.dk/opskrifter/kalvelever-i-airfryer.html,3,11,27.27%,6.18
https://www.opskrift-airfryer.dk/opskrifter/baconchips-i-airfryer-ekstra-sproede.html,3,11,27.27%,7.55
https://www.opskrift-airfryer.dk/opskrifter/kalv-filet-klassisk-i-airfryer.html,3,10,30%,4
https://www.opskrift-airfryer.dk/opskrifter/oksehjerte-i-airfryer.html,3,5,60%,7.4
https://www.opskrift-airfryer.dk/opskrifter/coq-au-vin-light-kylling-i-airfryer.html,3,4,75%,2.5
https://www.opskrift-airfryer.dk/sproede-og-saftige-frikadeller-i-airfryer-nemt-og-hurtigt/,2,1581,0.13%,25.31
https://www.opskrift-airfryer.dk/saftige-kyllingefileter-i-airfryer-nemt-sundt-og-altid-perfekt-tilberedt/,2,994,0.2%,56.46
https://www.opskrift-airfryer.dk/honningkage-hjerter-i-airfryer-perfekte-til-julens-hygge/,2,770,0.26%,46.58
https://www.opskrift-airfryer.dk/🌶️-saadan-dyrker-du-chili-og-peberfrugter-indendoers-fra-froe-til-frugt/,2,727,0.28%,45.26
https://www.opskrift-airfryer.dk/obh-nordica-ag801ds0-easy-fry-grill-xxl-2in1-stor-og-alsidig-airfryer/,2,702,0.28%,32.05
https://www.opskrift-airfryer.dk/opskrifter/flaeskesteg-i-airfryer.html,2,689,0.29%,67.22
https://www.opskrift-airfryer.dk/🍍-frugtig-fyr-spicy-skinke-ananas-pizza-med-chili-honning/,2,579,0.35%,12.61
https://www.opskrift-airfryer.dk/sproede-hele-smaa-kartofler-i-airfryer-nemt-og-laekkert-tilbehoer/,2,506,0.4%,52.44
https://www.opskrift-airfryer.dk/sunde-pommes-frites-til-boern-i-airfryer-sproede-og-nemme-paa-faa-minutter/,2,285,0.7%,24.86
https://www.opskrift-airfryer.dk/bagt-hvidloeg-med-parmesan-cremet-aromatisk-🧄🧀🔥/,2,214,0.93%,8.27
https://www.opskrift-airfryer.dk/🌭-hotdogs-med-kyllingepoelser-og-sproede-loeg-i-airfryer-su-klassiker-i-opgraderet-version/,2,212,0.94%,18.79
https://www.opskrift-airfryer.dk/🥔-smaa-kartofler-med-urter-og-smoer-perfekt-tilbehoer-i-airfryer/,2,207,0.97%,40.72
https://www.opskrift-airfryer.dk/tag/sukkeraerter/,2,177,1.13%,75.6
https://www.opskrift-airfryer.dk/tag/boller/,2,172,1.16%,46.09
https://www.opskrift-airfryer.dk/tag/dumplings/,2,161,1.24%,45.55
https://www.opskrift-airfryer.dk/🍔-mini-sliders-i-airfryer-saftige-burgerboeffer-i-bloede-briocheboller/,2,160,1.25%,44.69
https://www.opskrift-airfryer.dk/bacon-indpakkede-dadler-i-airfryer-soed-saltet-perfektion-🥓🔥/,2,153,1.31%,9.8
https://www.opskrift-airfryer.dk/🍕-mini-pitapizza-i-airfryer-brug-resterne-og-tryl-pizza-frem-paa-10-minutter/,2,148,1.35%,52.14
https://www.opskrift-airfryer.dk/🍎-airfryer-aeblebaade-med-kanel-og-vaniljecreme-en-sproed-og-soed-paaskeafslutning/,2,147,1.36%,18.81
https://www.opskrift-airfryer.dk/category/hello-fresh/,2,145,1.38%,20.39
https://www.opskrift-airfryer.dk/gordon-bleu-i-airfryer-🧀🍗-sproed-saftig-og-uimodstaaelig/,2,145,1.38%,25.69
https://www.opskrift-airfryer.dk/om-os/,2,140,1.43%,34.64
https://www.opskrift-airfryer.dk/🍍-saadan-dyrker-du-en-ananasplante-fra-ananastoppen/,2,134,1.49%,9.85
https://www.opskrift-airfryer.dk/opskrifter/andebryst-i-airfryer.html,2,128,1.56%,66.52
https://www.opskrift-airfryer.dk/category/dessert/,2,116,1.72%,27.84
https://www.opskrift-airfryer.dk/page/2/,2,114,1.75%,37.31
https://www.opskrift-airfryer.dk/tag/aeg/,2,109,1.83%,34.27
https://www.opskrift-airfryer.dk/kyllingefajitas-i-airfryer-saftige-smagfulde-🌮🔥/,2,108,1.85%,13.49
https://www.opskrift-airfryer.dk/tag/airfryer/,2,108,1.85%,14.53
https://www.opskrift-airfryer.dk/hurtige-syltede-agurker-i-airfryer-nem-og-smagfuld-opskrift/,2,104,1.92%,23.76
https://www.opskrift-airfryer.dk/🐓-butter-chicken-bowl-i-airfryer-cremet-krydret-og-utroligt-smagfuld/,2,102,1.96%,10.24
https://www.opskrift-airfryer.dk/ovnbagte-guleroedder-med-honning-og-feta-i-airfryer-🥕🧀/,2,98,2.04%,10.24
https://www.opskrift-airfryer.dk/airfryeren-vs-trykkogeren-hvilken-passer-til-dig/,2,83,2.41%,25.24
https://www.opskrift-airfryer.dk/opskrifter/porchetta-i-airfryer.html,2,80,2.5%,24.85
https://www.opskrift-airfryer.dk/category/okse/,2,79,2.53%,35.09
https://www.opskrift-airfryer.dk/tag/tempeh/,2,69,2.9%,35.57
https://www.opskrift-airfryer.dk/opskrifter/vafler-i-airfryer-sproede.html,2,67,2.99%,9.09
https://www.opskrift-airfryer.dk/tag/kyllingespyd/,2,65,3.08%,24.55
https://www.opskrift-airfryer.dk/airfryer-toast-perfekt-sproed-smeltende-laekker-🥪🔥/,2,64,3.12%,17.72
https://www.opskrift-airfryer.dk/🧄-saadan-dyrker-du-roedloeg-indendoers-groenne-spirer-og-smukke-blomster/,2,63,3.17%,12.94
https://www.opskrift-airfryer.dk/opskrifter/naanbroed-i-airfryer.html,2,53,3.77%,10.92
https://www.opskrift-airfryer.dk/tag/gryderet/,2,52,3.85%,20
https://www.opskrift-airfryer.dk/syltede-chilier-i-airfryer-nemt-og-krydret-tilbehoer-paa-ingen-tid/,2,49,4.08%,8.14
https://www.opskrift-airfryer.dk/philips-series-3000-airfryer-na352-en-alsidig-og-effektiv-loesning-til-sund-madlavning/,2,42,4.76%,24.14
https://www.opskrift-airfryer.dk/tag/taerte/,2,42,4.76%,27.62
https://www.opskrift-airfryer.dk/category/kylling/page/2/,2,40,5%,10.38
https://www.opskrift-airfryer.dk/opskrifter/ratatouille-let-i-airfryer.html,2,34,5.88%,8.12
https://www.opskrift-airfryer.dk/🥒-pokebowl-med-marineret-laks-i-airfryer-frisk-farverig-og-fuld-af-smag/,2,34,5.88%,24.68
https://www.opskrift-airfryer.dk/tag/frugt/,2,34,5.88%,25.79
https://www.opskrift-airfryer.dk/opskrifter/brioche-boller-i-airfryer.html,2,33,6.06%,14.12
https://www.opskrift-airfryer.dk/opskrifter/teriyaki-kylling-i-airfryer.html,2,31,6.45%,8.65
https://www.opskrift-airfryer.dk/tag/grill/,2,30,6.67%,59.03
https://www.opskrift-airfryer.dk/guides/airfryer-fejl-og-fix.html,2,29,6.9%,8.83
https://www.opskrift-airfryer.dk/tag/morgenmad/,2,26,7.69%,36.38
https://www.opskrift-airfryer.dk/opskrifter/oksesteg-i-airfryer-nem-soendagssteg.html,2,25,8%,8.4
https://www.opskrift-airfryer.dk/opskrifter/skinkeschnitzel-i-airfryer.html,2,24,8.33%,14.67
https://www.opskrift-airfryer.dk/opskrifter/samosa-i-airfryer.html,2,22,9.09%,7.86
https://www.opskrift-airfryer.dk/opskrifter/kalv-skank-klassisk-i-airfryer.html,2,21,9.52%,12.9
https://www.opskrift-airfryer.dk/opskrifter/hellefisk-i-airfryer-smoer-og-kapers.html,2,20,10%,7.45
https://www.opskrift-airfryer.dk/opskrifter/raadyr-moerbrad-klassisk-i-airfryer.html,2,20,10%,11.45
https://www.opskrift-airfryer.dk/opskrifter/roedbedefritter-i-airfryer.html,2,18,11.11%,10.17
https://www.opskrift-airfryer.dk/opskrifter/pulled-turkey-i-airfryer.html,2,15,13.33%,10.93
https://www.opskrift-airfryer.dk/tag/agurk/,2,15,13.33%,24
https://www.opskrift-airfryer.dk/opskrifter/kalv-moerbrad-klassisk-i-airfryer.html,2,15,13.33%,30.8
https://www.opskrift-airfryer.dk/opskrifter/raadyr-steak-klassisk-i-airfryer.html,2,13,15.38%,5.08
https://www.opskrift-airfryer.dk/pita-chips-med-hummus-sproede-smagfulde-🥙🔥/,2,13,15.38%,5.62
https://www.opskrift-airfryer.dk/opskrifter/surdejsboller-i-airfryer.html,2,13,15.38%,5.69
https://www.opskrift-airfryer.dk/category/airfryer-bowls/,2,12,16.67%,5.5
https://www.opskrift-airfryer.dk/opskrifter/spidskaalchips-i-airfryer.html,2,11,18.18%,20
https://www.opskrift-airfryer.dk/opskrifter/andelaar-confit-i-airfryer.html,2,11,18.18%,23.45
https://www.opskrift-airfryer.dk/opskrifter/raadyr-filet-bbq-i-airfryer.html,2,10,20%,11.2
https://www.opskrift-airfryer.dk/🏡-airfryer-tips-til-sommerhuset-her-er-hvad-du-skal-huske/,2,10,20%,70.9
https://www.opskrift-airfryer.dk/opskrifter/koedboller-i-airfryer-italiensk-stil.html,2,8,25%,25.62
https://www.opskrift-airfryer.dk/opskrifter/moerbradboeffer-i-airfryer-med-loeg.html,2,7,28.57%,7.57
https://www.opskrift-airfryer.dk/opskrifter/kalkunlaar-med-paprika-i-airfryer.html,2,7,28.57%,11.57
https://www.opskrift-airfryer.dk/opskrifter/duebryst-i-airfryer.html,2,7,28.57%,18.14
https://www.opskrift-airfryer.dk/opskrifter/pyttipanna-med-spejlaeg-i-airfryer.html,2,7,28.57%,28
https://www.opskrift-airfryer.dk/opskrifter/raadyr-boef-klassisk-i-airfryer.html,2,6,33.33%,5
https://www.opskrift-airfryer.dk/opskrifter/torsk-med-porrer-og-sennep-i-airfryer.html,2,5,40%,5.6
https://www.opskrift-airfryer.dk/opskrifter/laks-wellington-i-airfryer.html,2,5,40%,5.8
https://www.opskrift-airfryer.dk/opskrifter/boller-i-selleri-light-i-airfryer.html,2,5,40%,17.4
https://www.opskrift-airfryer.dk/opskrifter/sandart-i-airfryer.html,2,4,50%,1
https://www.opskrift-airfryer.dk/opskrifter/svaerdfisk-steaks-i-airfryer.html,2,4,50%,1
https://www.opskrift-airfryer.dk/opskrifter/linsedeller-med-krydderier-i-airfryer.html,2,4,50%,2.5
https://www.opskrift-airfryer.dk/opskrifter/torsk-med-sennepssauce-i-airfryer.html,2,4,50%,3
https://www.opskrift-airfryer.dk/opskrifter/tempura-groentsager-i-airfryer.html,2,4,50%,7.75
https://www.opskrift-airfryer.dk/opskrifter/fyldte-tomater-i-airfryer-ris.html,2,4,50%,35.75
https://www.opskrift-airfryer.dk/opskrifter/elg-steak-klassisk-i-airfryer.html,2,2,100%,5
https://www.opskrift-airfryer.dk/🍗-kyllingelaar-i-airfryer-med-frosne-groentsager-nem-og-maettende-hverdagsmad/,1,1643,0.06%,61.33
https://www.opskrift-airfryer.dk/mumie-poelsehorn-i-airfryer-sjov-og-laekker-halloween-snack/,1,1550,0.06%,38.84
https://www.opskrift-airfryer.dk/🫘-saadan-dyrker-du-boenner-og-linser-indendoers-spirer-og-groenne-planter/,1,448,0.22%,30.38
https://www.opskrift-airfryer.dk/gozney-roccbox-professionel-pizzaovn-i-kompakt-format/,1,364,0.27%,31.14
https://www.opskrift-airfryer.dk/✨-qookware-air-fryer-75l-stor-kapacitet-moderne-design-og-nem-betjening/,1,353,0.28%,28.24
https://www.opskrift-airfryer.dk/tag/minipizza/,1,350,0.29%,50.76
https://www.opskrift-airfryer.dk/sproede-groentsagsfritter-i-airfryer-sundt-og-laekkert-tilbehoer/,1,332,0.3%,15.92
https://www.opskrift-airfryer.dk/category/airfryer-opskrifter/,1,316,0.32%,77.91
https://www.opskrift-airfryer.dk/bagte-champignoner-med-fyld-smagfulde-cremede-🍄🧀🔥/,1,307,0.33%,11.95
https://www.opskrift-airfryer.dk/tag/torsk/,1,290,0.34%,29.09
https://www.opskrift-airfryer.dk/🥩-grillet-okseculotte-moert-saftigt-og-fyldt-med-smag/,1,278,0.36%,38.21
https://www.opskrift-airfryer.dk/tag/sylte/,1,265,0.38%,66.91
https://www.opskrift-airfryer.dk/honninghjerter-i-airfryer-klassisk-julebag-med-et-moderne-twist/,1,254,0.39%,24.19
https://www.opskrift-airfryer.dk/🍋-airfryer-citronsirup-med-rosmarin-og-honning-frisk-aromatisk-og-nem-at-lave/,1,249,0.4%,33.07
https://www.opskrift-airfryer.dk/tag/broed/,1,217,0.46%,51.72
https://www.opskrift-airfryer.dk/opskrifter/roastbeef-i-airfryer.html,1,207,0.48%,71.11
https://www.opskrift-airfryer.dk/tag/koedfri/,1,191,0.52%,71.11
https://www.opskrift-airfryer.dk/opskrifter/ribbensteg-i-airfryer.html,1,189,0.53%,71.43
https://www.opskrift-airfryer.dk/🍕-pitapizza-med-mozzarella-og-frisk-tomat-sproed-og-klar-paa-10-minutter/,1,180,0.56%,67.38
https://www.opskrift-airfryer.dk/category/kage/,1,175,0.57%,41.4
https://www.opskrift-airfryer.dk/category/opskrift-pizzaovn/,1,171,0.58%,51.88
https://www.opskrift-airfryer.dk/🍛-indisk-tikka-masala-med-blomkaal-og-basmatiris-i-airfryer-krydret-cremet-og-helt-uden-koed/,1,151,0.66%,23.47
https://www.opskrift-airfryer.dk/hvordan-kombinerer-du-airfryeren-med-smarthome-teknologi/,1,148,0.68%,31.78
https://www.opskrift-airfryer.dk/1170-2/,1,145,0.69%,26.2
https://www.opskrift-airfryer.dk/ninja-af160eu-airfryer-kraftfuld-alsidig-og-brugervenlig-madlavning/,1,140,0.71%,31.25
https://www.opskrift-airfryer.dk/opskrifter/aebleskiver-i-airfryer.html,1,132,0.76%,56.66
https://www.opskrift-airfryer.dk/tag/naanbroed/,1,127,0.79%,10.64
https://www.opskrift-airfryer.dk/tag/kylling/,1,122,0.82%,78.47
https://www.opskrift-airfryer.dk/laekre-paaskeretter-i-airfryeren-nemme-og-velsmagende/,1,120,0.83%,39.88
https://www.opskrift-airfryer.dk/opskrifter/lammekoteletter-i-airfryer.html,1,118,0.85%,18.7
https://www.opskrift-airfryer.dk/tag/kartoffel/,1,118,0.85%,60.79
https://www.opskrift-airfryer.dk/opskrifter/kyllingebryst-med-bacon-i-airfryer.html,1,115,0.87%,30.53
https://www.opskrift-airfryer.dk/tag/dessert/,1,114,0.88%,45.64
https://www.opskrift-airfryer.dk/opskrifter/hjemmelavede-fiskepinde-i-airfryer-i-airfryer.html,1,110,0.91%,14.29
https://www.opskrift-airfryer.dk/tag/farsbroed/,1,110,0.91%,24.57
https://www.opskrift-airfryer.dk/🌯-burrito-bowl-med-pulled-pork-i-airfryer-saftig-krydret-og-fyldt-med-smag/,1,109,0.92%,14.7
https://www.opskrift-airfryer.dk/🫘-saadan-dyrker-du-linser-indendoers-som-spirer-eller-smaa-planter/,1,108,0.93%,24.39
https://www.opskrift-airfryer.dk/opskrifter/culottesteg-i-airfryer.html,1,106,0.94%,48.73
https://www.opskrift-airfryer.dk/🍅-saadan-dyrker-du-tomater-indendoers-fra-froe-til-frugt/,1,105,0.95%,12.82
https://www.opskrift-airfryer.dk/category/anmeldelser/page/4/,1,105,0.95%,26.61
https://www.opskrift-airfryer.dk/tag/forlorenhare/,1,105,0.95%,43.97
https://www.opskrift-airfryer.dk/opskrifter/fiskepinde-af-sej-i-airfryer-(hjemmelavede).html,1,104,0.96%,12.26
https://www.opskrift-airfryer.dk/🌿-saadan-dyrker-du-basilikum-fra-afklip-i-vand-og-videre-i-jord/,1,98,1.02%,19.24
https://www.opskrift-airfryer.dk/tag/tempurarejer/,1,94,1.06%,28.64
https://www.opskrift-airfryer.dk/🍠-krydret-soed-kartoffelgryde-med-peanutbutter-og-lime-i-airfryer-fyldig-vegansk-og-fuld-af-smag/,1,93,1.08%,24.76
https://www.opskrift-airfryer.dk/category/anmeldelser/,1,91,1.1%,28.23
https://www.opskrift-airfryer.dk/🥑-saadan-laver-du-dit-eget-avocadotrae-derhjemme/,1,90,1.11%,24.89
https://www.opskrift-airfryer.dk/category/gris/,1,88,1.14%,31.92
https://www.opskrift-airfryer.dk/🎓-madplan-til-studerende-med-airfryer-billigt-hurtigt-og-laekkert/,1,85,1.18%,42.21
https://www.opskrift-airfryer.dk/opskrifter/rejer-sproede-i-airfryer.html,1,83,1.2%,29.96
https://www.opskrift-airfryer.dk/seneste.html,1,83,1.2%,42.29
https://www.opskrift-airfryer.dk/tag/kikaerter/,1,78,1.28%,39.09
https://www.opskrift-airfryer.dk/tag/koed/,1,76,1.32%,39.08
https://www.opskrift-airfryer.dk/category/snacks/,1,75,1.33%,41.59
https://www.opskrift-airfryer.dk/category/anmeldelser/page/2/,1,74,1.35%,29.54
https://www.opskrift-airfryer.dk/opskrifter/ratatouille-groentsager-i-airfryer.html,1,70,1.43%,65.69
https://www.opskrift-airfryer.dk/bagt-feta-med-honning-chili-cremet-sproedt-smagfuldt-🧀🔥/,1,68,1.47%,6.59
https://www.opskrift-airfryer.dk/tag/groenkaal/,1,66,1.52%,15.86
https://www.opskrift-airfryer.dk/opskrifter/hamburgerryg-i-airfryer.html,1,66,1.52%,61.42
https://www.opskrift-airfryer.dk/🍎-airfryer-aebleshot-med-kanel-og-ingefaer-krydret-soedmefuldt-og-styrkende/,1,65,1.54%,12.77
https://www.opskrift-airfryer.dk/guides/min-airfryer-larmer-er-det-normalt.html,1,60,1.67%,8.37
https://www.opskrift-airfryer.dk/opskrifter/sellerifritter-i-airfryer.html,1,60,1.67%,8.83
https://www.opskrift-airfryer.dk/🍕-3-spaendende-pizzaer-du-kan-lave-i-din-gaspizzaovn/,1,60,1.67%,13.37
https://www.opskrift-airfryer.dk/tag/hjort/,1,59,1.69%,26.08
https://www.opskrift-airfryer.dk/tag/loeg/,1,57,1.75%,38.11
https://www.opskrift-airfryer.dk/opskrifter/banankage-i-airfryer-saftig.html,1,56,1.79%,48.41
https://www.opskrift-airfryer.dk/tag/frost/,1,52,1.92%,73.56
https://www.opskrift-airfryer.dk/opskrifter/kyllingespyd-i-airfryer.html,1,51,1.96%,45.8
https://www.opskrift-airfryer.dk/🍕-sproede-tortillapizzaer-med-hytteost-og-spejlaeg-en-let-og-laekker-snack/,1,49,2.04%,15.45
https://www.opskrift-airfryer.dk/tag/majs/,1,49,2.04%,23.04
https://www.opskrift-airfryer.dk/opskrifter/roedbeder-med-feta-i-airfryer.html,1,49,2.04%,60.2
https://www.opskrift-airfryer.dk/tag/biksemad/,1,48,2.08%,33.02
https://www.opskrift-airfryer.dk/tag/julescones/,1,46,2.17%,4.65
https://www.opskrift-airfryer.dk/tag/morsoe/,1,46,2.17%,21.17
https://www.opskrift-airfryer.dk/saadan-kan-du-bruge-din-airfryer-juleaften-den-ultimative-guide/,1,45,2.22%,14.04
https://www.opskrift-airfryer.dk/kurv/,1,45,2.22%,33.4
https://www.opskrift-airfryer.dk/opskrifter/pulled-pork-nachos-genopvarm-i-airfryer.html,1,44,2.27%,38.91
https://www.opskrift-airfryer.dk/tag/guleroedder/,1,43,2.33%,36.3
https://www.opskrift-airfryer.dk/opskrifter/rodfrugtsmos-gratineret-i-airfryer.html,1,43,2.33%,76.79
https://www.opskrift-airfryer.dk/🍗-asiatisk-kyllingebowl-med-teriyakisauce-i-airfryer-smagfuld-nem-og-hurtig/,1,41,2.44%,12.02
https://www.opskrift-airfryer.dk/tag/cozze/,1,40,2.5%,28.27
https://www.opskrift-airfryer.dk/tag/anmeldelse/,1,39,2.56%,41.21
https://www.opskrift-airfryer.dk/opskrifter/lamme-koefte-i-airfryer.html,1,37,2.7%,9.92
https://www.opskrift-airfryer.dk/🥔-krydrede-kartofler-i-airfryer-med-aioli-og-frisk-gulerodssalat/,1,37,2.7%,18.7
https://www.opskrift-airfryer.dk/tag/ninja/,1,37,2.7%,23.73
https://www.opskrift-airfryer.dk/tag/risotto/,1,36,2.78%,30.28
https://www.opskrift-airfryer.dk/tag/hurtig-mad/page/4/,1,36,2.78%,52.22
https://www.opskrift-airfryer.dk/opskrifter/teriyaki-laks-i-airfryer.html,1,35,2.86%,11.6
https://www.opskrift-airfryer.dk/tag/muslibar/,1,35,2.86%,14.4
https://www.opskrift-airfryer.dk/opskrifter/porchetta-rullet-i-airfryer.html,1,35,2.86%,35.83
https://www.opskrift-airfryer.dk/tag/kalvelever/,1,34,2.94%,10.53
https://www.opskrift-airfryer.dk/category/bagvaerk/,1,33,3.03%,54.55
https://www.opskrift-airfryer.dk/luftige-foedselsdagsboller-i-airfryer-nemme-og-perfekte-til-fest/,1,31,3.23%,8.9
https://www.opskrift-airfryer.dk/tag/svenskpoelseret/,1,31,3.23%,24.71
https://www.opskrift-airfryer.dk/opskrifter/hel-kylling-i-airfryer.html,1,31,3.23%,77.13
https://www.opskrift-airfryer.dk/opskrifter/pommes-frites.html,1,31,3.23%,83.52
https://www.opskrift-airfryer.dk/opskrifter/pak-choi-i-airfryer-hvidloeg-og-sesam.html,1,30,3.33%,13.77
https://www.opskrift-airfryer.dk/opskrifter/rugbroedstoast-med-skinke-ost-i-airfryer-i-airfryer.html,1,29,3.45%,8.21
https://www.opskrift-airfryer.dk/opskrifter/piri-piri-kyllingespyd-i-airfryer-i-airfryer.html,1,29,3.45%,18.24
https://www.opskrift-airfryer.dk/opskrifter/kalkun-roulade-i-airfryer.html,1,29,3.45%,33.86
https://www.opskrift-airfryer.dk/opskrifter/andebryst-i-airfryer-sproedt-skind.html,1,29,3.45%,59.41
https://www.opskrift-airfryer.dk/opskrifter/ratatouille-i-airfryer.html,1,27,3.7%,7.37
https://www.opskrift-airfryer.dk/✨-philips-3000-series-na352-00-kompakt-effektiv-og-stilren-airfryer/,1,26,3.85%,34.19
https://www.opskrift-airfryer.dk/opskrifter/risalamande-cookies-i-airfryer.html,1,25,4%,8.68
https://www.opskrift-airfryer.dk/tag/hvidloeg/,1,25,4%,19.2
https://www.opskrift-airfryer.dk/opskrifter/edamameboenner-i-airfryer-chilisalt.html,1,23,4.35%,14.04
https://www.opskrift-airfryer.dk/tag/rotisseri/,1,23,4.35%,28.17
https://www.opskrift-airfryer.dk/🥖-fladbroed-med-yoghurt-i-airfryer-perfekte-til-dip-og-grillretter/,1,22,4.55%,26.36
https://www.opskrift-airfryer.dk/tag/citronkylling/,1,21,4.76%,17.67
https://www.opskrift-airfryer.dk/tag/hjertesalat/,1,19,5.26%,8.16
https://www.opskrift-airfryer.dk/opskrifter/fennikel-med-parmesan-i-airfryer.html,1,19,5.26%,13.47
https://www.opskrift-airfryer.dk/opskrifter/fritteret-havregroedskage-i-airfryer.html,1,19,5.26%,46.42
https://www.opskrift-airfryer.dk/opskrifter/kartoffelgratin-mini-i-airfryer.html,1,18,5.56%,16.33
https://www.opskrift-airfryer.dk/opskrifter/and-i-airfryer-hel.html,1,18,5.56%,45.22
https://www.opskrift-airfryer.dk/opskrifter/kalv-boef-klassisk-i-airfryer.html,1,18,5.56%,51.44
https://www.opskrift-airfryer.dk/opskrifter/mumie-poelsehorn-i-airfryer.html,1,18,5.56%,54.06
https://www.opskrift-airfryer.dk/tag/boernefamilie/,1,18,5.56%,63.89
https://www.opskrift-airfryer.dk/page/42/,1,17,5.88%,23.88
https://www.opskrift-airfryer.dk/opskrifter/torsk-i-airfryer-paneret.html,1,17,5.88%,66.88
https://www.opskrift-airfryer.dk/opskrifter/gyros-pita-i-airfryer.html,1,16,6.25%,6
https://www.opskrift-airfryer.dk/top/top-12-vegetariske-airfryer-retter.html,1,16,6.25%,8.5
https://www.opskrift-airfryer.dk/opskrifter/confit-de-canard-i-airfryer-hurtig.html,1,16,6.25%,12
https://www.opskrift-airfryer.dk/tag/camembert/,1,16,6.25%,15.5
https://www.opskrift-airfryer.dk/opskrifter/balsamico-rosenkaal-i-airfryer-i-airfryer.html,1,16,6.25%,26.38
https://www.opskrift-airfryer.dk/tag/chorizo/,1,16,6.25%,34.62
https://www.opskrift-airfryer.dk/opskrifter/bagte-hvidloeg-confit-style-i-airfryer.html,1,15,6.67%,8.33
https://www.opskrift-airfryer.dk/tag/ananas/,1,15,6.67%,21.87
https://www.opskrift-airfryer.dk/☀️-airfryer-om-sommeren-derfor-skal-du-bruge-den-selvom-grillen-frister/,1,14,7.14%,10.29
https://www.opskrift-airfryer.dk/opskrifter/fyldte-mini-graeskar-i-airfryer.html,1,14,7.14%,11.07
https://www.opskrift-airfryer.dk/🥓-airfryer-brunch-komplet-menu-til-weekenden/,1,14,7.14%,34.29
https://www.opskrift-airfryer.dk/opskrifter/hasselback-soede-kartofler-i-airfryer.html,1,14,7.14%,53.5
https://www.opskrift-airfryer.dk/opskrifter/kardemommesnurrer-i-airfryer.html,1,13,7.69%,4
https://www.opskrift-airfryer.dk/opskrifter/peanuts-ristede-i-airfryer-salt.html,1,13,7.69%,7.08
https://www.opskrift-airfryer.dk/tag/svinekoed/,1,13,7.69%,29.77
https://www.opskrift-airfryer.dk/opskrifter/ratatouille-taerte-i-airfryer-i-airfryer.html,1,13,7.69%,30.77
https://www.opskrift-airfryer.dk/opskrifter/konfiterede-andelaar-hurtig-metode-i-airfryer.html,1,13,7.69%,39.23
https://www.opskrift-airfryer.dk/tag/airfryer/page/20/,1,13,7.69%,55.08
https://www.opskrift-airfryer.dk/kategori.html,1,13,7.69%,75.69
https://www.opskrift-airfryer.dk/guides-sitemap.xml,1,12,8.33%,1.5
https://www.opskrift-airfryer.dk/opskrifter/speltboller-i-airfryer.html,1,12,8.33%,3.17
https://www.opskrift-airfryer.dk/opskrifter/sellerifritter-i-airfryer-sproede.html,1,12,8.33%,10.92
https://www.opskrift-airfryer.dk/opskrifter/pull-apart-hvidloegsbroed-i-airfryer-i-airfryer.html,1,12,8.33%,49
https://www.opskrift-airfryer.dk/guides/airfryer-stoerrelse-4l-5l-8l-hvor-stor-skal-du-vaelge.html,1,11,9.09%,7.55
https://www.opskrift-airfryer.dk/opskrifter/graeskartern-i-airfryer.html,1,11,9.09%,8.09
https://www.opskrift-airfryer.dk/opskrifter/kalveculotte-i-airfryer.html,1,11,9.09%,24.09
https://www.opskrift-airfryer.dk/opskrifter/saltimbocca-i-airfryer.html,1,11,9.09%,26.73
https://www.opskrift-airfryer.dk/opskrifter/surdejsflute-i-airfryer.html,1,11,9.09%,68.55
https://www.opskrift-airfryer.dk/tag/af82000430/,1,10,10%,8.2
https://www.opskrift-airfryer.dk/sproede-torskebidder-i-airfryer-knasende-smagfulde-🐠🔥/,1,10,10%,10.5
https://www.opskrift-airfryer.dk/opskrifter/feta-i-filodej-i-airfryer.html,1,10,10%,17
https://www.opskrift-airfryer.dk/☔-airfryer-retter-til-en-sommerregnvejrsdag-7-laekre-ideer-og-vores-airfryer-favoritter/,1,10,10%,39.1
https://www.opskrift-airfryer.dk/opskrifter/groenne-boenner-i-airfryer.html,1,10,10%,39.9
https://www.opskrift-airfryer.dk/opskrifter/surimi-sticks-sproede-i-airfryer.html,1,10,10%,51.9
https://www.opskrift-airfryer.dk/opskrifter/braiseret-hvidkaal-i-baade-i-airfryer.html,1,9,11.11%,8.89
https://www.opskrift-airfryer.dk/tag/soltoerredetomater/,1,9,11.11%,12.56
https://www.opskrift-airfryer.dk/top/top-10-sunde-retter-i-airfryer.html,1,9,11.11%,20.89
https://www.opskrift-airfryer.dk/page/11/,1,9,11.11%,47
https://www.opskrift-airfryer.dk/opskrifter/bagte-roedloeg-i-airfryer.html,1,8,12.5%,5
https://www.opskrift-airfryer.dk/opskrifter/paeretaerte-med-mandelcreme-i-airfryer-(frangipane).html,1,8,12.5%,7.75
https://www.opskrift-airfryer.dk/opskrifter/groentsagsfrikadeller-i-airfryer.html,1,8,12.5%,10.25
https://www.opskrift-airfryer.dk/opskrifter/groenkaalsgratin-i-airfryer.html,1,8,12.5%,11.88
https://www.opskrift-airfryer.dk/opskrifter/kalkun-i-airfryer.html,1,8,12.5%,22.12
https://www.opskrift-airfryer.dk/opskrifter/kyllingeoverlaar-med-citron-og-timian-i-airfryer.html,1,8,12.5%,22.25
https://www.opskrift-airfryer.dk/tag/okse/,1,8,12.5%,34.12
https://www.opskrift-airfryer.dk/opskrifter/taco-shells-sproede-hjemmelavede-i-airfryer.html,1,7,14.29%,4.14
https://www.opskrift-airfryer.dk/opskrifter/roeget-laks-varm-i-airfryer-hurtigroeget.html,1,7,14.29%,5.86
https://www.opskrift-airfryer.dk/category/fastelavn/,1,7,14.29%,18.29
https://www.opskrift-airfryer.dk/tag/majskolbe/,1,7,14.29%,18.29
https://www.opskrift-airfryer.dk/top/sammenlign-airfryers.html,1,6,16.67%,6
https://www.opskrift-airfryer.dk/sider/opskrifter.html,1,6,16.67%,23.83
https://www.opskrift-airfryer.dk/opskrifter/okse-steak-klassisk-i-airfryer.html,1,6,16.67%,26.67
https://www.opskrift-airfryer.dk/opskrifter/kyllingelaarfilet-schnitzel-i-airfryer.html,1,5,20%,4.4
https://www.opskrift-airfryer.dk/opskrifter/fisk-i-folie-hvidvin-i-airfryer.html,1,5,20%,4.6
https://www.opskrift-airfryer.dk/opskrifter/romanesco-i-airfryer.html,1,5,20%,6.2
https://www.opskrift-airfryer.dk/opskrifter/edamame-i-airfryer-havsalt.html,1,5,20%,7.4
https://www.opskrift-airfryer.dk/opskrifter/kalv-bryst-bbq-i-airfryer.html,1,5,20%,10.6
https://www.opskrift-airfryer.dk/tag/fiskefrikadeller/,1,5,20%,17
https://www.opskrift-airfryer.dk/opskrifter/bagte-roedloeg-med-balsamico-i-airfryer.html,1,5,20%,20.8
https://www.opskrift-airfryer.dk/opskrifter/braiseret-oksesteg-i-skiver-i-airfryer.html,1,5,20%,27.4
https://www.opskrift-airfryer.dk/opskrifter/rejetoast-deluxe-i-airfryer-(med-rejekager).html,1,5,20%,28.6
https://www.opskrift-airfryer.dk/opskrifter/bagt-ananas-med-kanel-og-romsmag-i-airfryer.html,1,5,20%,29.8
https://www.opskrift-airfryer.dk/tag/figner/,1,5,20%,29.8
https://www.opskrift-airfryer.dk/opskrifter/chicken-satay-sticks-i-airfryer.html,1,5,20%,34.2
https://www.opskrift-airfryer.dk/seneste.html?tag=kylling,1,5,20%,42.2
https://www.opskrift-airfryer.dk/opskrifter/aborre-i-airfryer-smoer-og-urter.html,1,4,25%,3.25
https://www.opskrift-airfryer.dk/opskrifter/andeskank-med-appelsin-i-airfryer.html,1,4,25%,3.25
https://www.opskrift-airfryer.dk/tag/3000/,1,4,25%,4
https://www.opskrift-airfryer.dk/opskrifter/kylling-med-estragon-i-airfryer.html,1,4,25%,4.75
https://www.opskrift-airfryer.dk/opskrifter/kikaerteboeffer-i-airfryer.html,1,4,25%,5
https://www.opskrift-airfryer.dk/opskrifter/snackpeber-i-airfryer-soede-og-sproede.html,1,4,25%,5.25
https://www.opskrift-airfryer.dk/opskrifter/corn-dogs-i-airfryer.html,1,4,25%,5.5
https://www.opskrift-airfryer.dk/opskrifter/kyllingeschnitzel-i-airfryer.html,1,4,25%,6.25
https://www.opskrift-airfryer.dk/opskrifter/lammekoed-i-tern-med-rosmarin-i-airfryer.html,1,4,25%,7.25
https://www.opskrift-airfryer.dk/opskrifter/citronmuffins-i-airfryer.html,1,4,25%,7.5
https://www.opskrift-airfryer.dk/opskrifter/hokaido-graeskar-i-tern-i-airfryer.html,1,4,25%,17.25
https://www.opskrift-airfryer.dk/opskrifter/andebryst-skiver-med-appelsinglace-i-airfryer.html,1,4,25%,25
https://www.opskrift-airfryer.dk/anmeldelser/casper-sobczyk-dualfry-fusion-10-5l.html,1,4,25%,26.5
https://www.opskrift-airfryer.dk/opskrifter/ostestaenger-mozzarella-sticks-i-airfryer.html,1,4,25%,28.75
https://www.opskrift-airfryer.dk/opskrifter/fyldte-champignoner-i-airfryer.html,1,4,25%,30.25
https://www.opskrift-airfryer.dk/opskrifter/spidskaal-baade-med-smoer-i-airfryer.html,1,4,25%,30.25
https://www.opskrift-airfryer.dk/opskrifter/kartoffel-porresuppe-croutoner-i-airfryer.html,1,4,25%,30.75
https://www.opskrift-airfryer.dk/category/aftensmad/page/2/,1,4,25%,55.25
https://www.opskrift-airfryer.dk/opskrifter/sliders-mini-burgere-i-airfryer.html,1,3,33.33%,4.33
https://www.opskrift-airfryer.dk/opskrifter/kartoffelmos-gratineret-i-airfryer.html,1,3,33.33%,5.67
https://www.opskrift-airfryer.dk/opskrifter/okse-stroganoff-i-airfryer.html,1,3,33.33%,5.67
https://www.opskrift-airfryer.dk/opskrifter/kalv-moerbrad-bbq-i-airfryer.html,1,3,33.33%,6
https://www.opskrift-airfryer.dk/opskrifter/aebletaerte-rustik-i-airfryer.html,1,3,33.33%,6.33
https://www.opskrift-airfryer.dk/tag/stenalderbroed/,1,3,33.33%,6.67
https://www.opskrift-airfryer.dk/opskrifter/sejfilet-i-rasp-i-airfryer.html,1,3,33.33%,7
https://www.opskrift-airfryer.dk/opskrifter/bagte-loeg-med-timian-i-airfryer.html,1,3,33.33%,8
https://www.opskrift-airfryer.dk/opskrifter/roedspaette-paneret-i-airfryer.html,1,3,33.33%,10.67
https://www.opskrift-airfryer.dk/tag/havregroed/,1,3,33.33%,11.33
https://www.opskrift-airfryer.dk/opskrifter/gulerodskage-i-airfryer-cream-cheese.html,1,3,33.33%,13.67
https://www.opskrift-airfryer.dk/opskrifter/pulled-chicken-i-airfryer.html,1,3,33.33%,21
https://www.opskrift-airfryer.dk/opskrifter/groenne-boenner-i-airfryer-hvidloeg.html,1,3,33.33%,21.33
https://www.opskrift-airfryer.dk/tag/princess/,1,3,33.33%,24.67
https://www.opskrift-airfryer.dk/opskrifter/kalkunfrikadeller-i-airfryer-ny.html,1,3,33.33%,31.67
https://www.opskrift-airfryer.dk/opskrifter/krabbekager-i-airfryer.html,1,2,50%,1
https://www.opskrift-airfryer.dk/opskrifter/kyllingefilet-med-sennep-i-airfryer.html,1,2,50%,1.5
https://www.opskrift-airfryer.dk/tag/hd9867-90/,1,2,50%,2
https://www.opskrift-airfryer.dk/opskrifter/mac-and-cheese-bites-i-airfryer.html,1,2,50%,2.5
https://www.opskrift-airfryer.dk/opskrifter/ciabatta-med-soltoerrede-tomater-i-airfryer.html,1,2,50%,3
https://www.opskrift-airfryer.dk/opskrifter/graeskar-baade-i-airfryer.html,1,2,50%,3.5
https://www.opskrift-airfryer.dk/opskrifter/kalv-bryst-klassisk-i-airfryer.html,1,2,50%,4
https://www.opskrift-airfryer.dk/opskrifter/fiskefrikasse-i-airfryer.html,1,2,50%,4.5
https://www.opskrift-airfryer.dk/opskrifter/laksefrikadeller-i-airfryer.html,1,2,50%,5.5
https://www.opskrift-airfryer.dk/opskrifter/short-ribs-i-airfryer.html,1,2,50%,6
https://www.opskrift-airfryer.dk/guides/maden-bliver-ikke-sproed-10-typiske-fejl.html,1,2,50%,6.5
https://www.opskrift-airfryer.dk/opskrifter/pandebroed-tyrkisk-i-airfryer.html,1,2,50%,6.5
https://www.opskrift-airfryer.dk/category/opskrift-airfryer/page/14/,1,2,50%,7
https://www.opskrift-airfryer.dk/opskrifter/roedbedefritter-i-airfryer-soedme-og-sproedhed-i-airfryer.html,1,2,50%,14.5
https://www.opskrift-airfryer.dk/opskrifter/hel-and-i-airfryer.html,1,2,50%,27
https://www.opskrift-airfryer.dk/opskrifter/kalv-kotelet-klassisk-i-airfryer.html,1,1,100%,1
https://www.opskrift-airfryer.dk/opskrifter/pasta-al-forno-med-groent-i-airfryer.html,1,1,100%,1
https://www.opskrift-airfryer.dk/opskrifter/meatloaf-i-airfryer-klassisk-koedrulle.html,1,1,100%,2
https://www.opskrift-airfryer.dk/tag/torskebidder/,1,1,100%,2
https://www.opskrift-airfryer.dk/opskrifter/groenkaal-med-bacon-og-perleloeg-i-airfryer.html,1,1,100%,3
https://www.opskrift-airfryer.dk/opskrifter/kartoffelvafler-i-airfryer-rosti-style-i-airfryer.html,1,1,100%,3
https://www.opskrift-airfryer.dk/opskrifter/soed-chili-laks-i-airfryer-i-airfryer.html,1,1,100%,3
https://www.opskrift-airfryer.dk/opskrifter/auberginer-med-tahin-i-airfryer.html,1,1,100%,4
https://www.opskrift-airfryer.dk/opskrifter/meatloaf-i-airfryer-familiefavorit.html,1,1,100%,4
https://www.opskrift-airfryer.dk/opskrifter/panna-cotta-sproed-top-i-airfryer.html,1,1,100%,4
https://www.opskrift-airfryer.dk/opskrifter/roedspaettefilet-i-airfryer-citron.html,1,1,100%,4
https://www.opskrift-airfryer.dk/opskrifter/broed-i-airfryer-lille-formbroed.html,1,1,100%,6
https://www.opskrift-airfryer.dk/opskrifter/grovbroed-mini-i-airfryer.html,1,1,100%,10
https://www.opskrift-airfryer.dk/category/opskrift/page/16/,1,1,100%,16
https://www.opskrift-airfryer.dk/10-sjove-og-uhyggelige-halloween-snacks-til-din-airfryer/,0,1878,0%,60.64
https://www.opskrift-airfryer.dk/tag/aebleskiver/,0,679,0%,39.06
https://www.opskrift-airfryer.dk/philips-avance-collection-xxl-hd9650-90-den-ultimative-airfryer-til-store-portioner-og-sund-madlavning/,0,667,0%,28.42
https://www.opskrift-airfryer.dk/tag/poelsemix/,0,656,0%,34.44
https://www.opskrift-airfryer.dk/category/kylling/,0,543,0%,59.14
https://www.opskrift-airfryer.dk/tag/culotte/,0,541,0%,32.37
https://www.opskrift-airfryer.dk/tag/foraarsruller/,0,531,0%,48.76
https://www.opskrift-airfryer.dk/hvorfor-bruge-opskrift-airfryer-dk/,0,525,0%,51.26
https://www.opskrift-airfryer.dk/tag/omelet/,0,475,0%,41.67
https://www.opskrift-airfryer.dk/tag/kage/,0,449,0%,42.02
https://www.opskrift-airfryer.dk/🛍️-er-black-friday-det-bedste-tidspunkt-at-koebe-airfryer/,0,440,0%,38.84
https://www.opskrift-airfryer.dk/opskrifter/roeraeg-i-airfryer.html,0,408,0%,18.26
https://www.opskrift-airfryer.dk/category/dyrkning-loeg/,0,363,0%,71
https://www.opskrift-airfryer.dk/tag/laks/,0,332,0%,56.53
https://www.opskrift-airfryer.dk/🍕-pizza-dej-til-pizzaovn-sproed-let-og-luksurioes/,0,280,0%,39.79
https://www.opskrift-airfryer.dk/ninja-foodi-max-af400eu-den-ultimative-dobbelt-rums-airfryer-til-store-maaltider/,0,274,0%,28.54
https://www.opskrift-airfryer.dk/tag/ostechips/,0,251,0%,38.53
https://www.opskrift-airfryer.dk/tag/kartofler/,0,249,0%,56.69
https://www.opskrift-airfryer.dk/🧆-falafler-i-airfryer-med-pitabroed-og-yoghurtdressing-nem-og-koedfri-hverdag/,0,232,0%,21.56
https://www.opskrift-airfryer.dk/tag/nuggets/,0,226,0%,37.33
https://www.opskrift-airfryer.dk/tag/tunsteak/,0,215,0%,55.56
https://www.opskrift-airfryer.dk/opskrifter/pulled-pork-i-airfryer.html,0,213,0%,33.79
https://www.opskrift-airfryer.dk/category/halloween/,0,200,0%,76.21
https://www.opskrift-airfryer.dk/tag/bage/,0,178,0%,49.81
https://www.opskrift-airfryer.dk/category/groentsager/page/2/,0,169,0%,42.04
https://www.opskrift-airfryer.dk/🫐-airfryer-blaabaer-ingefaer-shot-med-aeble-og-sort-peber-frugtigt-skarpt-og-fyldt-med-antioxidanter/,0,167,0%,39.24
https://www.opskrift-airfryer.dk/opskrifter/butter-chicken-i-airfryer.html,0,164,0%,21.52
https://www.opskrift-airfryer.dk/opskrifter/kyllingelaar-i-airfryer.html,0,163,0%,86.82
https://www.opskrift-airfryer.dk/tag/kyllingenuggets/,0,158,0%,34.02
https://www.opskrift-airfryer.dk/opskrifter/aeg-i-airfryer.html,0,158,0%,66.18
https://www.opskrift-airfryer.dk/category/groentsager/,0,157,0%,37.15
https://www.opskrift-airfryer.dk/opskrifter/aebleskiver-i-airfryer-luftige.html,0,155,0%,52.45
https://www.opskrift-airfryer.dk/tag/squash/,0,154,0%,23.93
https://www.opskrift-airfryer.dk/opskrifter/frikadeller-i-airfryer.html,0,154,0%,61.25
https://www.opskrift-airfryer.dk/🍗-kyllingespyd-i-airfryer-med-citron-og-rosmarin-let-sommermad-med-masser-af-smag/,0,152,0%,31.18
https://www.opskrift-airfryer.dk/tag/chips/,0,151,0%,42.65
https://www.opskrift-airfryer.dk/tag/champignon/,0,151,0%,43.95
https://www.opskrift-airfryer.dk/sammenligning-af-airfryermodeller/,0,149,0%,36.9
https://www.opskrift-airfryer.dk/tag/moerbrad/,0,141,0%,39.76
https://www.opskrift-airfryer.dk/category/kartoffel/,0,136,0%,64.85
https://www.opskrift-airfryer.dk/🍊-airfryer-appelsin-ingefaer-eliksir-varmende-citrusfrisk-og-fyldt-med-power/,0,132,0%,21.58
https://www.opskrift-airfryer.dk/tag/rodfrugtchips/,0,130,0%,35.53
https://www.opskrift-airfryer.dk/🥚-soendag-aeg-og-groent-i-airfryer-simpelt-naerende-og-perfekt-til-afslapning/,0,126,0%,24.98
https://www.opskrift-airfryer.dk/opskrifter/medister-i-airfryer-nem-og-sproed.html,0,126,0%,68.35
https://www.opskrift-airfryer.dk/tag/weber/,0,124,0%,36.56
https://www.opskrift-airfryer.dk/opskrifter/sproede-polenta-fritter-i-airfryer-i-airfryer.html,0,120,0%,70.82
https://www.opskrift-airfryer.dk/tag/keto/,0,120,0%,71.86
https://www.opskrift-airfryer.dk/tag/banan/,0,116,0%,33.34
https://www.opskrift-airfryer.dk/tag/toast/,0,116,0%,41.9
https://www.opskrift-airfryer.dk/black-friday-airfryer-tilbud.html,0,113,0%,46.06
https://www.opskrift-airfryer.dk/guides/airfryer-rengoering.html,0,113,0%,56.73
https://www.opskrift-airfryer.dk/shop/,0,113,0%,72.08
https://www.opskrift-airfryer.dk/🌰-saadan-dyrker-du-dit-eget-kastanjetrae-fra-en-spisekastanje/,0,111,0%,38.59
https://www.opskrift-airfryer.dk/desserter-til-juleaften-i-airfryer-goer-aftenen-soedere-og-nemmere/,0,110,0%,24.58
https://www.opskrift-airfryer.dk/opskrifter/tempura-rejer-i-airfryer-i-airfryer.html,0,109,0%,29.07
https://www.opskrift-airfryer.dk/vare/ninja-foodi-af500eu-airfryer-104-liter/,0,108,0%,89.29
https://www.opskrift-airfryer.dk/tag/honninghjerter/,0,107,0%,12.33
https://www.opskrift-airfryer.dk/opskrifter/brasede-kartofler-med-loeg-i-airfryer.html,0,107,0%,52.64
https://www.opskrift-airfryer.dk/🍤-airfryer-tempurarejer-med-chilimayo-i-airfryer-sproede-og-laekre/,0,106,0%,9.8
https://www.opskrift-airfryer.dk/opskrifter/spareribs-i-airfryer.html,0,103,0%,37.91
https://www.opskrift-airfryer.dk/tag/julemad/,0,103,0%,54.27
https://www.opskrift-airfryer.dk/tag/caspersobczyk/,0,101,0%,36.5
https://www.opskrift-airfryer.dk/tag/pomfritter/,0,101,0%,76.8
https://www.opskrift-airfryer.dk/tag/leverpostej/,0,100,0%,31.74
https://www.opskrift-airfryer.dk/groent-junkfood-sundere-alternativer-til-klassiske-fristelser/,0,100,0%,41.25
https://www.opskrift-airfryer.dk/🍋🌸-airfryer-lavendel-citron-drik-floral-mild-og-naturligt-beroligende/,0,99,0%,13.31
https://www.opskrift-airfryer.dk/page/3/,0,96,0%,34.61
https://www.opskrift-airfryer.dk/tag/panini/,0,90,0%,46.47
https://www.opskrift-airfryer.dk/tag/gasgrill/,0,89,0%,58.12
https://www.opskrift-airfryer.dk/opskrifter/soede-kartoffelfritter-i-airfryer.html,0,89,0%,70.46
https://www.opskrift-airfryer.dk/vare/onyx-cookware-airfryer-5l/,0,85,0%,46.48
https://www.opskrift-airfryer.dk/tag/paaske/,0,85,0%,52.45
https://www.opskrift-airfryer.dk/🌶-airfryer-chili-ingefaer-tonic-base-staerk-citrusfrisk-og-fuld-af-power/,0,83,0%,28.29
https://www.opskrift-airfryer.dk/tag/filodej/,0,83,0%,58.06
https://www.opskrift-airfryer.dk/tag/koedsovs/,0,82,0%,12.39
https://www.opskrift-airfryer.dk/opskrifter/aeggmuffins-i-airfryer.html,0,80,0%,72.31
https://www.opskrift-airfryer.dk/category/fisk/,0,79,0%,24.75
https://www.opskrift-airfryer.dk/toerret-groenkaal-i-airfryer-sproed-og-sund-snack-paa-ingen-tid/,0,75,0%,21.76
https://www.opskrift-airfryer.dk/category/anmeldelser/page/5/,0,75,0%,23.07
https://www.opskrift-airfryer.dk/opskrifter/lammeculotte-i-airfryer.html,0,75,0%,40.37
https://www.opskrift-airfryer.dk/tag/pebernoedder/,0,74,0%,15.26
https://www.opskrift-airfryer.dk/tag/bagekartoffel/,0,74,0%,46.41
https://www.opskrift-airfryer.dk/tag/hurtig-mad/page/5/,0,73,0%,25.58
https://www.opskrift-airfryer.dk/🌿-airfryer-mynteshot-med-lime-og-sukker-frisk-soed-og-perfekt-til-mocktails/,0,73,0%,31.93
https://www.opskrift-airfryer.dk/tag/steak/,0,72,0%,93.58
https://www.opskrift-airfryer.dk/tag/fisk/,0,71,0%,57.23
https://www.opskrift-airfryer.dk/tag/pizza/,0,69,0%,40.94
https://www.opskrift-airfryer.dk/opskrifter/bagte-rodfrugter-i-airfryer.html,0,69,0%,55.46
https://www.opskrift-airfryer.dk/opskrifter/taco-skaller-i-airfryer-hjemmelavede.html,0,68,0%,9.32
https://www.opskrift-airfryer.dk/vare/onyx-cookware-airfryer-dual/,0,67,0%,32.42
https://www.opskrift-airfryer.dk/tag/blomkaal/,0,65,0%,72.58
https://www.opskrift-airfryer.dk/tag/pommes/,0,65,0%,80.83
https://www.opskrift-airfryer.dk/category/airfryer/,0,64,0%,53
https://www.opskrift-airfryer.dk/category/jul/page/2/,0,63,0%,16.37
https://www.opskrift-airfryer.dk/opskrifter/fiskefilet.html,0,63,0%,59.02
https://www.opskrift-airfryer.dk/category/jul/page/3/,0,61,0%,40.3
https://www.opskrift-airfryer.dk/tag/rodfrugt/,0,60,0%,44.28
https://www.opskrift-airfryer.dk/tag/snacks/,0,58,0%,39.12
https://www.opskrift-airfryer.dk/opskrifter/chokoladekage-i-airfryer-fudgy.html,0,58,0%,43.48
https://www.opskrift-airfryer.dk/tag/koteletter/,0,58,0%,54.84
https://www.opskrift-airfryer.dk/tag/fasan/,0,56,0%,21.64
https://www.opskrift-airfryer.dk/tag/ribeye/,0,55,0%,43.65
https://www.opskrift-airfryer.dk/opskrifter/soede-kartofler-fritter-i-airfryer.html,0,54,0%,63.06
https://www.opskrift-airfryer.dk/opskrifter/kyllingefilet-med-honning-i-airfryer.html,0,54,0%,93.59
https://www.opskrift-airfryer.dk/varemærke/onyx/,0,53,0%,48.91
https://www.opskrift-airfryer.dk/tag/test/,0,52,0%,44.4
https://www.opskrift-airfryer.dk/opskrifter/frikadeller-i-airfryer-grovhakkede.html,0,52,0%,84.08
https://www.opskrift-airfryer.dk/🥩-boefbowl-med-peberrodssauce-i-airfryer-saftig-sproed-og-fyldt-med-smag/,0,50,0%,16.8
https://www.opskrift-airfryer.dk/tag/koedboller/,0,49,0%,37.45
https://www.opskrift-airfryer.dk/tag/ooni/,0,48,0%,30.02
https://www.opskrift-airfryer.dk/tag/rodfrugter/,0,48,0%,42.88
https://www.opskrift-airfryer.dk/opskrifter/culotte-i-airfryer.html,0,48,0%,48.69
https://www.opskrift-airfryer.dk/vare/onyx-cookware-airfryer-8l-2/,0,48,0%,53.67
https://www.opskrift-airfryer.dk/🥬-saadan-dyrker-du-din-egen-ingefaer-derhjemme/,0,47,0%,15.98
https://www.opskrift-airfryer.dk/tag/aeggekage/,0,47,0%,36.45
https://www.opskrift-airfryer.dk/opskrifter/svinekoteletter-i-airfryer.html,0,47,0%,62.91
https://www.opskrift-airfryer.dk/🥩-steg-i-airfryer-saftig-og-moer-oksesteg-med-sproed-kant/,0,45,0%,24.24
https://www.opskrift-airfryer.dk/tag/poelsehorn/,0,45,0%,50.71
https://www.opskrift-airfryer.dk/opskrifter/poelsemix-i-airfryer-ketchup-og-remoulade.html,0,45,0%,53.62
https://www.opskrift-airfryer.dk/opskrifter/squash-fritter-i-airfryer-parmesan.html,0,45,0%,55.22
https://www.opskrift-airfryer.dk/cozze-pizzaovn-17-en-kraftfuld-og-rummelig-pizzaovn-til-hjemmebrug/,0,44,0%,19.86
https://www.opskrift-airfryer.dk/top/top-5-snacks-under-30-min.html,0,43,0%,37.7
https://www.opskrift-airfryer.dk/opskrifter/chokoladekage-i-airfryer-nem.html,0,43,0%,56.77
https://www.opskrift-airfryer.dk/vare-tag/onyx/,0,43,0%,67.3
https://www.opskrift-airfryer.dk/tag/emerio/,0,42,0%,56.38
https://www.opskrift-airfryer.dk/opskrifter/laks-i-airfryer.html,0,42,0%,56.45
https://www.opskrift-airfryer.dk/tag/hurtig-mad/,0,42,0%,58.86
https://www.opskrift-airfryer.dk/tag/koed/page/5/,0,42,0%,68.79
https://www.opskrift-airfryer.dk/tag/fladbroed/,0,41,0%,10
https://www.opskrift-airfryer.dk/instant-vortex-airfryer-8-5-liter-stor-kapacitet-og-sund-madlavning-gjort-enkelt/,0,41,0%,31.9
https://www.opskrift-airfryer.dk/tag/cosori/,0,41,0%,55.68
https://www.opskrift-airfryer.dk/kategori.html?navn=Lam,0,41,0%,64.68
https://www.opskrift-airfryer.dk/opskrifter/pita-pizza-i-airfryer.html,0,40,0%,8.45
https://www.opskrift-airfryer.dk/tag/jul/,0,40,0%,22.15
https://www.opskrift-airfryer.dk/sproede-foraarsruller-i-airfryer-nem-og-laekker-opskrift/,0,39,0%,8.95
https://www.opskrift-airfryer.dk/opskrifter/gulerodsfritter-i-airfryer.html,0,39,0%,15.26
https://www.opskrift-airfryer.dk/opskrifter/churros-i-airfryer.html,0,39,0%,16.64
https://www.opskrift-airfryer.dk/category/morgenmad/,0,39,0%,29.74
https://www.opskrift-airfryer.dk/tag/svin/,0,39,0%,43.05
https://www.opskrift-airfryer.dk/author/denniskl/page/15/,0,39,0%,66.26
https://www.opskrift-airfryer.dk/guides/airfryer-energi.html,0,39,0%,73.77
https://www.opskrift-airfryer.dk/perfekte-bagekartofler-i-airfryer-sproede-og-laekre-paa-ingen-tid/,0,37,0%,19.46
https://www.opskrift-airfryer.dk/tag/boenner/,0,36,0%,30.19
https://www.opskrift-airfryer.dk/tag/rejer/,0,36,0%,33.19
https://www.opskrift-airfryer.dk/🧆-falafler-i-airfryer-sproede-sunde-og-perfekte-til-sommerens-maaltider/,0,36,0%,35.94
https://www.opskrift-airfryer.dk/tag/fiskefilet/,0,36,0%,41.17
https://www.opskrift-airfryer.dk/kategori.html?navn=Kalkun,0,36,0%,63.92
https://www.opskrift-airfryer.dk/opskrifter/blomkaal-i-airfryer.html,0,36,0%,67.36
https://www.opskrift-airfryer.dk/opskrifter/blomkaal-vinger-i-airfryer.html,0,36,0%,71.06
https://www.opskrift-airfryer.dk/category/indlaeg/,0,35,0%,23.97
https://www.opskrift-airfryer.dk/tag/bagvaerk/,0,35,0%,40.09
https://www.opskrift-airfryer.dk/opskrifter/bagte-tomater-i-airfryer.html,0,35,0%,57.06
https://www.opskrift-airfryer.dk/opskrifter/makrel-i-folie-i-airfryer.html,0,34,0%,10.62
https://www.opskrift-airfryer.dk/☕️-airfryer-krydret-chaiblanding-intens-varmende-og-fuld-af-dybde/,0,34,0%,12.82
https://www.opskrift-airfryer.dk/vare/onyx-cookware-airfryer-8l/,0,34,0%,40.06
https://www.opskrift-airfryer.dk/tag/kartoffelbaade/,0,34,0%,80.82
https://www.opskrift-airfryer.dk/🥑-mexicansk-bowl-i-airfryer-farverig-maettende-og-fuld-af-smag/,0,33,0%,29.55
https://www.opskrift-airfryer.dk/opskrifter/veganske-nuggets-i-airfryer.html,0,33,0%,59.15
https://www.opskrift-airfryer.dk/opskrifter/okse-boef-bbq-i-airfryer.html,0,33,0%,62.94
https://www.opskrift-airfryer.dk/tag/chokoladekage/,0,32,0%,24.06
https://www.opskrift-airfryer.dk/tag/bruschetta/,0,32,0%,33.25
https://www.opskrift-airfryer.dk/opskrifter/svinekam-i-airfryer.html,0,32,0%,39.59
https://www.opskrift-airfryer.dk/category/opskrift/page/13/,0,32,0%,55.38
https://www.opskrift-airfryer.dk/opskrifter/burger-i-airfryer.html,0,31,0%,3.81
https://www.opskrift-airfryer.dk/🍄-skovens-skat-pizza-med-svampe-troeffel-og-frisk-timian/,0,31,0%,9.48
https://www.opskrift-airfryer.dk/krydrede-kartoffelbaade-i-airfryer-sproede-smagfulde-🥔🔥/,0,31,0%,31.16
https://www.opskrift-airfryer.dk/tag/kyllingelaar/,0,31,0%,61.48
https://www.opskrift-airfryer.dk/tag/banachips/,0,30,0%,11.23
https://www.opskrift-airfryer.dk/opskrifter/calamari-i-airfryer.html,0,30,0%,22.87
https://www.opskrift-airfryer.dk/author/denniskl/page/9/,0,30,0%,34.47
https://www.opskrift-airfryer.dk/author/denniskl/,0,30,0%,34.83
https://www.opskrift-airfryer.dk/opskrifter/sproed-rosti-kartoffelroesti-i-airfryer-i-airfryer.html,0,30,0%,53.2
https://www.opskrift-airfryer.dk/opskrifter/spareribs-i-airfryer-karamelliseret-bbq.html,0,30,0%,72.07
https://www.opskrift-airfryer.dk/kategori.html?navn=Tilbeh%C3%B8r,0,30,0%,75.53
https://www.opskrift-airfryer.dk/🌱-groen-powerbowl-med-tofu-i-airfryer-sproed-maettende-og-fuld-af-naering/,0,29,0%,8.38
https://www.opskrift-airfryer.dk/category/opskrift-airfryer/,0,29,0%,17.17
https://www.opskrift-airfryer.dk/🫐-butterdejstaerter-med-baer-og-vanilje-sproede-soede-og-nemme-i-airfryer/,0,29,0%,20.59
https://www.opskrift-airfryer.dk/tag/rosenkaal/,0,29,0%,31.86
https://www.opskrift-airfryer.dk/category/aftensmad/page/6/,0,29,0%,38.14
https://www.opskrift-airfryer.dk/category/opskrift/page/14/,0,29,0%,38.79
https://www.opskrift-airfryer.dk/category/pizzaovn/,0,29,0%,68.59
https://www.opskrift-airfryer.dk/opskrifter/panerede-fiskefileter-i-airfryer.html,0,28,0%,52.07
https://www.opskrift-airfryer.dk/kategori.html?navn=Fisk,0,28,0%,53.71
https://www.opskrift-airfryer.dk/opskrifter/roesti-i-airfryer.html,0,28,0%,75.07
https://www.opskrift-airfryer.dk/tag/chili/,0,28,0%,82.89
https://www.opskrift-airfryer.dk/🍣-laks-bowl-i-airfrye-frisk-smagfuld-og-fuld-af-tekstur/,0,27,0%,9.52
https://www.opskrift-airfryer.dk/kategori.html?navn=Dessert,0,27,0%,9.89
https://www.opskrift-airfryer.dk/opskrifter/blomkaalsgratin-i-airfryer.html,0,27,0%,10.11
https://www.opskrift-airfryer.dk/seneste.html?tag=forlorenhare,0,27,0%,13.37
https://www.opskrift-airfryer.dk/opskrifter/foccacia-broed-med-rosmarin-i-airfryer.html,0,27,0%,21
https://www.opskrift-airfryer.dk/opskrifter/arancini-i-airfryer.html,0,27,0%,25.11
https://www.opskrift-airfryer.dk/tag/gris/,0,27,0%,29.52
https://www.opskrift-airfryer.dk/🥯-sproede-proteinbagels-med-floedeost-og-avocado-maettende-luftige-og-klar-i-en-fart/,0,27,0%,64.48
https://www.opskrift-airfryer.dk/syltede-blomkaal-i-airfryer-sproedt-og-syrligt-tilbehoer-paa-ingen-tid/,0,26,0%,9.35
https://www.opskrift-airfryer.dk/opskrifter/sproede-loegringe-i-airfryer-i-airfryer.html,0,26,0%,16.85
https://www.opskrift-airfryer.dk/tag/brunkage/,0,26,0%,26.27
https://www.opskrift-airfryer.dk/opskrifter/asparges-med-bacon-og-parmesan-i-airfryer-i-airfryer.html,0,26,0%,27.69
https://www.opskrift-airfryer.dk/tag/dyrkning/,0,26,0%,34.58
https://www.opskrift-airfryer.dk/opskrifter/poelser-i-airfryer.html,0,26,0%,35
https://www.opskrift-airfryer.dk/tag/hawaii/,0,26,0%,54.27
https://www.opskrift-airfryer.dk/opskrifter/laksefilet-i-airfryer-citron-dild.html,0,26,0%,92.81
https://www.opskrift-airfryer.dk/🧀-luftige-ostehapsere-med-smeltet-cheddar-en-uimodstaaelig-snack-i-airfryer/,0,25,0%,8.64
https://www.opskrift-airfryer.dk/opskrifter/kalv-filet-bbq-i-airfryer.html,0,25,0%,8.84
https://www.opskrift-airfryer.dk/tag/risalamande/,0,25,0%,29.24
https://www.opskrift-airfryer.dk/opskrifter/oksefilet-i-airfryer-fest.html,0,25,0%,31.16
https://www.opskrift-airfryer.dk/opskrifter/asparges-i-airfryer.html,0,25,0%,51.76
https://www.opskrift-airfryer.dk/opskrifter/oksekoed-quesadilla-i-airfryer.html,0,25,0%,88.32
https://www.opskrift-airfryer.dk/opskrifter/forloren-hare-i-airfryer.html,0,25,0%,91.36