Mest anvendte forespørgsler,Klik,Eksponeringer,CTR,Placering
nachos i airfryer,1715,6843,25.06%,4.44
ribeye i airfryer,723,2147,33.67%,3.28
pulled chicken i airfryer,479,3123,15.34%,4.13
røræg i airfryer,414,2754,15.03%,5.28
lammekølle i airfryer,409,2015,20.3%,4.87
mørksej i airfryer,305,770,39.61%,3.98
lammekoteletter i airfryer,304,1456,20.88%,4.71
hel kylling i airfryer casper sobczyk,231,1009,22.89%,3.84
entrecote i airfryer,213,1670,12.75%,6.45
hytteost fladbrød i airfryer,177,300,59%,1.71
bananpandekager i airfryer,165,267,61.8%,1.75
hytteost brød i airfryer,164,307,53.42%,1.64
havregrød i airfryer,163,1101,14.8%,6.47
tofu i airfryer,157,826,19.01%,7.72
pulled chicken airfryer,139,1012,13.74%,8.54
lammekrone i airfryer,125,1410,8.87%,5.89
flæskesteg i airfryer casper sobczyk,119,3913,3.04%,9.81
ribeye airfryer,115,571,20.14%,12.8
soltørrede tomater i airfryer,111,602,18.44%,4.47
flæskesteg i airfryer,109,11364,0.96%,18.81
tunbøf i airfryer,105,225,46.67%,2.22
tunsteak i airfryer,101,227,44.49%,2.15
sejfilet i airfryer,100,205,48.78%,1.78
osso buco i airfryer,95,193,49.22%,2.7
pandekager i airfryer,92,1429,6.44%,5.71
gyoza i airfryer,91,711,12.8%,5.28
onion boil opskrift dansk,88,492,17.89%,4.95
leverpostej i airfryer,85,3235,2.63%,6.59
dumplings i airfryer,85,654,13%,8.98
laks i airfryer med asparges,76,308,24.68%,3.05
ribeye steg i airfryer,75,655,11.45%,3.99
spidskål i airfryer casper sobczyk,75,295,25.42%,4.69
entrecote airfryer,74,421,17.58%,17.2
blomkål i airfryer med ost,74,263,28.14%,2.71
nachos airfryer,73,422,17.3%,9.42
entrecote bøf i airfryer,73,403,18.11%,3.85
lammekølle med ben i airfryer,73,266,27.44%,5.87
lammekølle airfryer,73,265,27.55%,5.3
æblechips airfryer,72,356,20.22%,4.54
forloren hare i airfryer,70,3349,2.09%,9.17
popcorn i airfryer,69,5260,1.31%,7.48
nachos air fryer,69,597,11.56%,4.8
torsk i airfryer,68,1658,4.1%,9.2
mørksejfilet i airfryer,65,201,32.34%,4.44
kage i airfryer,64,2920,2.19%,10.62
pulled kylling i airfryer,63,310,20.32%,3.31
casper sobczyk airfryer anmeldelse,62,1482,4.18%,5.69
grønkålschips airfryer,62,801,7.74%,4.72
nachos i airfryer casper sobczyk,61,207,29.47%,2.18
stegt lever i airfryer,60,524,11.45%,5.06
dumplings airfryer,60,344,17.44%,9.04
kyllingelever i airfryer,58,135,42.96%,3.95
koteletter i airfryer,57,3192,1.79%,13.39
toast med æg i airfryer,55,313,17.57%,3.53
grøntsager i airfryer,51,1481,3.44%,19.35
kalvelever i airfryer,51,120,42.5%,3.03
gryderet i airfryer,50,298,16.78%,4.68
sej i airfryer,50,140,35.71%,3.23
ribeye steak i airfryer,49,192,25.52%,3.5
blomkål med ost i airfryer,49,157,31.21%,3.68
semidried tomater i airfryer,48,610,7.87%,6.61
lammekølle airfryer opskrift,47,129,36.43%,3.55
fasan i airfryer,46,812,5.67%,6.68
stegt flæsk i airfryer casper sobczyk,44,844,5.21%,7.44
pocheret æg i airfryer,42,963,4.36%,6.4
hurtig snack i airfryer,42,87,48.28%,1
kødsovs i airfryer,41,215,19.07%,3.07
pulled chicken air fryer,40,543,7.37%,8.4
havregrød airfryer,40,255,15.69%,6.57
snacks i airfryer,38,507,7.5%,12.6
grønkålschips i airfryer,37,740,5%,5.54
tørrede tomater i airfryer,37,274,13.5%,5.95
pulled chicken air fryer opskrift,37,117,31.62%,2.01
farsbrød i airfryer,36,1669,2.16%,11.03
kan man lave havregrød i airfryer,36,159,22.64%,4.71
kikærter i airfryer,35,5089,0.69%,8.95
bananpandekager airfryer,35,66,53.03%,1.64
tofu airfryer,33,242,13.64%,4.4
oksespidsbryst i airfryer,33,90,36.67%,6.93
airfryer nachos,32,314,10.19%,10.49
kalve ribeye i airfryer,32,97,32.99%,2.16
kyllingevinger i airfryer,31,855,3.63%,8.66
saltede cashewnødder i airfryer,30,300,10%,6.14
laks i airfryer med honning,30,291,10.31%,5.98
rib eye air fryer,30,124,24.19%,3.97
squash fritter i airfryer,29,569,5.1%,5.59
hamburgerryg i airfryer,28,1513,1.85%,14.87
airfryer snacks,28,222,12.61%,6.64
fisk i airfryer,27,1119,2.41%,15.83
torskefilet i airfryer,27,688,3.92%,6.24
lever i airfryer,27,207,13.04%,4.23
hytteost brød airfryer,27,43,62.79%,1.02
bruschetta i airfryer,26,489,5.32%,6.34
rejer i airfryer,26,402,6.47%,6.77
rådyrfilet i airfryer,26,133,19.55%,5.04
nachos i airfryer tid,26,120,21.67%,4.52
æblechips i airfryer,26,101,25.74%,3.82
knækbrød i airfryer,26,98,26.53%,2.5
rådyr klump i airfryer,25,155,16.13%,4.07
nachos i air fryer,25,78,32.05%,3.41
ribeye bøf i airfryer,25,45,55.56%,1.93
gulerødder i airfryer,24,3644,0.66%,10.85
saltede mandler i airfryer,24,1374,1.75%,8.34
svinekoteletter i airfryer,24,541,4.44%,8.65
rodfrugtchips i airfryer,24,190,12.63%,3.94
fasan opskrift airfryer,23,291,7.9%,6.05
ristede cashewnødder i airfryer,23,218,10.55%,5.89
panini i airfryer,23,84,27.38%,3.62
gullasch i airfryer,23,75,30.67%,5.85
stegte sild i airfryer,23,58,39.66%,4.22
lasagne i airfryer,22,2070,1.06%,10.99
pandekager airfryer,22,281,7.83%,5.77
rødbeder i airfryer,21,977,2.15%,11.39
hel ribeye steg i airfryer,21,259,8.11%,3.82
røræg airfryer,21,118,17.8%,3.88
fyldte peberfrugter i airfryer,20,657,3.04%,7.1
torskeloins i airfryer,20,436,4.59%,7.54
dyreryg i airfryer,20,218,9.17%,6.56
fladbrød i airfryer,20,109,18.35%,1.98
airfryer ribeye,20,76,26.32%,7.88
sild i airfryer,20,39,51.28%,3.62
blomkål i airfryer,19,2550,0.75%,22.46
champignon i airfryer,19,838,2.27%,6.75
bag selv leverpostej i airfryer,19,601,3.16%,6.84
frossen leverpostej i airfryer,19,479,3.97%,6.77
hurtig kage i airfryer,19,305,6.23%,7.92
bagt camembert i airfryer,19,203,9.36%,6.59
one pot pasta airfryer,19,127,14.96%,9.09
langtidsstegt lammekølle i airfryer,19,121,15.7%,6.25
lammekoteletter airfryer,19,76,25%,4.66
sprød tofu i airfryer,19,58,32.76%,1.88
sunde snacks i airfryer,19,56,33.93%,3.12
cote de boeuf i airfryer,18,261,6.9%,4.66
blomkål i airfryer med parmesan,18,211,8.53%,5.09
smelte chokolade i airfryer,18,157,11.46%,4.08
snack i airfryer,18,63,28.57%,4.02
t-bone steak i airfryer,18,56,32.14%,1.7
tun i airfryer,18,35,51.43%,1.77
mørbrad i airfryer,17,1833,0.93%,15.81
bage leverpostej i airfryer,17,803,2.12%,7.11
drømmekage i airfryer,17,698,2.44%,7.03
grønkål i airfryer,17,361,4.71%,5.62
cote de boeuf air fryer,17,251,6.77%,11.56
ribeye i airfryer umut,17,243,7%,5.19
rispapir dumplings i airfryer,17,203,8.37%,7.36
hornfisk i airfryer,17,152,11.18%,6.29
kan man smelte chokolade i airfryer,17,112,15.18%,4.04
airfryer entrecote,17,74,22.97%,13.39
asparges i airfryer,16,1581,1.01%,8.99
saltede mandler airfryer,16,1064,1.5%,8.95
squash i airfryer,16,483,3.31%,9.8
bag leverpostej i airfryer,16,419,3.82%,6.82
nachos med ost i airfryer,16,347,4.61%,8.78
pandekage i airfryer,16,219,7.31%,5.66
dumplings i airfryer dansk,16,111,14.41%,4.91
one pot pasta i airfryer,16,79,20.25%,5.91
bønner i airfryer,15,1939,0.77%,7.82
biksemad i airfryer,15,1498,1%,10.62
æbleflæsk i airfryer,15,650,2.31%,7.37
klejner i airfryer,15,500,3%,6.81
tortilla chips i airfryer,15,231,6.49%,5.31
gyoza airfryer,15,212,7.08%,36.88
gyoza air fryer,15,177,8.47%,6.19
omelet med grøntsager i airfryer,15,135,11.11%,5.16
entrecôte i airfryer,15,109,13.76%,6.92
dyrekølle i airfryer,15,56,26.79%,4.09
one pot airfryer,14,278,5.04%,7.42
frosne løgringe i airfryer,14,120,11.67%,5.36
svensk pølseret i airfryer,14,103,13.59%,5.95
t bone airfryer,14,26,53.85%,3.15
hjortefilet i airfryer,14,24,58.33%,2.33
spidsbryst i airfryer,14,22,63.64%,3.36
roastbeef i airfryer,13,1331,0.98%,12.5
frosne grøntsager i airfryer,13,742,1.75%,10.91
chokoladekage i airfryer,13,671,1.94%,16.13
nachos med kylling i airfryer,13,390,3.33%,6.5
chicken tenders i airfryer,13,326,3.99%,5.89
pocherede æg i airfryer,13,312,4.17%,6.81
morgenmad i airfryer,13,249,5.22%,9.47
oksespids steg i airfryer,13,75,17.33%,9.56
t bone steak i airfryer,13,42,30.95%,2.12
stenalderbrød i airfryer,13,23,56.52%,1.35
kyllingespyd i airfryer,12,1854,0.65%,9.11
spejlæg i airfryer,12,901,1.33%,10.01
fastelavnsboller i airfryer,12,734,1.63%,8.45
hjemmelavet chips i airfryer,12,456,2.63%,7.72
løgringe i airfryer,12,257,4.67%,6.08
airfryer vegetar opskrifter,12,125,9.6%,7.38
napoleon rogue 425 plus test,12,114,10.53%,6.22
char-broil convective 640 test,12,96,12.5%,3.33
tofu i airfryer opskrift,12,61,19.67%,2.08
vildsvin i airfryer,12,48,25%,3.19
majs i airfryer,11,1120,0.98%,10.73
chips i airfryer,11,742,1.48%,11.01
frosne bønner i airfryer,11,376,2.93%,5.94
sandkage i airfryer,11,264,4.17%,8.63
pocheret æg airfryer,11,168,6.55%,6.33
naanbrød i airfryer,11,131,8.4%,5.35
napoleon freestyle 365 test,11,121,9.09%,14.72
sunde muffins i airfryer,11,118,9.32%,4.91
blomkål med parmesan i airfryer,11,82,13.41%,4.65
beskæring af mangotræ,11,78,14.1%,4.46
taco skaller i airfryer,11,52,21.15%,2.63
mørksej opskrift airfryer,11,42,26.19%,4.24
banan pandekager i airfryer,11,16,68.75%,1.69
stegt flæsk i airfryer,10,2282,0.44%,31.86
rosenkål i airfryer,10,1534,0.65%,15.12
påskeboller,10,632,1.58%,25.96
hvid fisk i airfryer,10,572,1.75%,9.84
frossen rå leverpostej i airfryer tid,10,266,3.76%,7.89
svine nakkefilet i airfryer,10,262,3.82%,5.08
mango plante,10,251,3.98%,7.82
amerikanske pandekager i airfryer,10,177,5.65%,7.37
onion boil dansk,10,161,6.21%,4.94
bagte æbler i airfryer,10,138,7.25%,5.67
lammebov i airfryer,10,138,7.25%,9.17
dyrkning af spinat indendørs,10,119,8.4%,5.53
løgringe airfryer,10,85,11.76%,4.13
nem aftensmad i airfryer,10,36,27.78%,25.39
t bone steak air fryer,10,32,31.25%,20.97
airfryer lammekølle,10,22,45.45%,2.82
oksespidsbryst airfryer,10,20,50%,6.05
æggekage i airfryer,9,1412,0.64%,25.37
pulled pork i airfryer,9,1012,0.89%,17.53
tærte i airfryer,9,341,2.64%,10.93
torsk airfryer,9,314,2.87%,16.8
æbler i airfryer,9,232,3.88%,7.2
scrambled æg i airfryer,9,179,5.03%,6.98
frosne gyoza i airfryer,9,178,5.06%,7.51
one pot i airfryer,9,161,5.59%,5.8
rødkål i airfryer,9,155,5.81%,7.8
vegetar airfryer,9,120,7.5%,6.92
udbenet lammekølle i airfryer,9,78,11.54%,5.5
nachos med oksekød i airfryer,9,55,16.36%,3.24
ribeye steak air fryer,9,49,18.37%,4.76
omelet i airfryer,8,1013,0.79%,14.99
culottesteg i airfryer,8,897,0.89%,11.72
børnevenlige retter,8,761,1.05%,17.41
chicken tenders opskrift,8,522,1.53%,10.23
wattson airfryer,8,391,2.05%,8.7
nem kage i airfryer,8,231,3.46%,9.31
casper sobczyk airfryer opskrifter flæskesteg,8,224,3.57%,8.79
riste nødder i airfryer,8,186,4.3%,6.51
tørrede æbler i airfryer,8,169,4.73%,8.14
bruschetta airfryer,8,151,5.3%,13.14
chicken tenders air fryer opskrift,8,123,6.5%,4.79
millionbøf i airfryer,8,99,8.08%,6.28
kikærter i airfryer uden olie,8,79,10.13%,5.23
snacks airfryer,8,71,11.27%,27.99
kartoffelskræller i airfryer,8,61,13.11%,2.9
tortilla chips air fryer,8,55,14.55%,3.05
kylling i airfryer casper sobczyk,8,42,19.05%,6.43
osso buco air fryer,8,42,19.05%,9.69
kalve entrecote i airfryer,8,30,26.67%,2.77
laks og asparges i airfryer,8,17,47.06%,1
kan man lave popcorn i en airfryer,7,1735,0.4%,8.8
ristede kikærter i airfryer,7,1592,0.44%,10.3
spidskål i airfryer,7,1375,0.51%,15.29
steak i airfryer,7,1342,0.52%,9.65
hel kylling i airfryer,7,1067,0.66%,31.32
kyllingespyd airfryer,7,594,1.18%,8.86
lasagne airfryer,7,588,1.19%,9.01
lam i airfryer,7,431,1.62%,11.23
jordbær i altankasse,7,382,1.83%,7.51
peberfrugt i airfryer,7,302,2.32%,8.48
leverpostej airfryer,7,232,3.02%,6.34
sobczyk dual zone airfryer 9l anmeldelse,7,228,3.07%,7.65
dampet torsk i airfryer,7,203,3.45%,7.32
kage i airfryer opskrift,7,190,3.68%,9.99
bagt torsk i airfryer,7,111,6.31%,6.79
kernetemperatur leverpostej airfryer,7,80,8.75%,5.86
panini air fryer,7,62,11.29%,34.9
kyllingelårfilet i airfryer,7,61,11.48%,12.89
pandekager airfryer bagepapir,7,60,11.67%,3.72
figner i airfryer,7,50,14%,3.14
ribeye steg airfryer,7,48,14.58%,2.83
bagte æbler airfryer,7,43,16.28%,4.51
ristede valnødder i airfryer,7,28,25%,2.79
stenalderbrød,7,25,28%,6.96
opvarmning af rødkål i airfryer,7,21,33.33%,4.38
broccoli i airfryer,6,1780,0.34%,14.2
saltmandler i airfryer,6,1046,0.57%,14.98
pulled chicken opskrift,6,715,0.84%,11.98
salt mandler i airfryer,6,553,1.08%,8.98
tomater i airfryer,6,426,1.41%,12.67
forloren hare airfryer,6,405,1.48%,10.54
teriyaki kyllingespyd,6,403,1.49%,12.2
butterdej med fyld i airfryer,6,299,2.01%,7.47
blomkål airfryer panko,6,295,2.03%,8.39
blomkål i airfryer panko,6,238,2.52%,8.37
airfryer grøntsager,6,238,2.52%,13.75
crispy blomkål i airfryer,6,216,2.78%,10.02
kage airfryer,6,212,2.83%,10.22
hamburgerryg airfryer,6,179,3.35%,14.23
dangrill valhal 310 cs,6,177,3.39%,4.75
kyllingefarsbrød i airfryer,6,169,3.55%,8.91
bagning af leverpostej i airfryer,6,157,3.82%,6.32
bagt leverpostej i airfryer,6,152,3.95%,6.25
græske frikadeller i airfryer,6,124,4.84%,5.61
glaserede gulerødder i airfryer,6,115,5.22%,7.47
ubagt leverpostej i airfryer,6,113,5.31%,6.46
everdure furnace anmeldelse,6,104,5.77%,6.76
scrambled æg airfryer,6,97,6.19%,6.36
svineskank i airfryer,6,91,6.59%,12.4
chips airfryer,6,90,6.67%,9.03
airfryer one pot,6,61,9.84%,5.67
naanbrød airfryer,6,56,10.71%,3.95
makrel i airfryer,6,55,10.91%,7.02
asparges med parmesan i airfryer,6,51,11.76%,4.55
mozzarella sticks air fryer,6,40,15%,5.67
spaghetti kødsovs i airfryer,6,39,15.38%,2.44
ribeye air fryer,6,39,15.38%,9.82
entrecote in airfryer,6,33,18.18%,17
gryderet airfryer,6,32,18.75%,4.34
t bone air fryer,6,32,18.75%,20.38
tofu in airfryer,6,30,20%,3.37
rådyr i airfryer,6,27,22.22%,3.85
snack airfryer,6,21,28.57%,4.29
chokolade fondant i airfryer,6,15,40%,2.13
æg i airfryer,5,1507,0.33%,23.67
medister i airfryer,5,1456,0.34%,28.08
hurtig kage,5,1073,0.47%,24.6
svinemørbrad i airfryer,5,1040,0.48%,21.79
flæsk i airfryer,5,518,0.97%,15.28
quesadillas i airfryer,5,484,1.03%,24.09
hjortefilet,5,472,1.06%,19.89
kyllingespyd med teriyaki,5,452,1.11%,10.6
pasta i airfryer,5,434,1.15%,12.79
pølsemix airfryer,5,357,1.4%,16.2
rødbedefritter,5,343,1.46%,6.42
kartoffelchips i airfryer,5,278,1.8%,6.03
citronkage i airfryer,5,268,1.87%,9.96
fastelavnsboller airfryer,5,177,2.82%,8.38
vannamei rejer i airfryer,5,135,3.7%,7.7
fyldt peberfrugt i airfryer,5,135,3.7%,8.83
græsk farsbrød i airfryer,5,129,3.88%,8.71
torsk i airfryer opskrift,5,105,4.76%,6.72
airfryer pandekager,5,90,5.56%,5.68
rødbede chips i airfryer,5,90,5.56%,6.66
frosne grønne bønner i airfryer,5,89,5.62%,5.39
hjertesalat i airfryer,5,89,5.62%,5.81
grønkål chips airfryer,5,88,5.68%,3.76
fisk airfryer,5,88,5.68%,14.98
fasan airfryer,5,74,6.76%,7.11
krondyr køllesteg i airfryer,5,61,8.2%,7.44
casper sobczyk dual zone airfryer anmeldelse,5,53,9.43%,5.36
ristede nødder i airfryer,5,51,9.8%,5.04
nachos in airfryer,5,51,9.8%,24.86
koreansk svinekød,5,50,10%,6.54
sunde chips i airfryer,5,45,11.11%,4.78
pulled chicken i air fryer,5,44,11.36%,3.2
vildsvinesteg i airfryer,5,41,12.2%,5.24
airfryer opskrifter vegetar,5,41,12.2%,7.83
lammeskank i airfryer,5,41,12.2%,10.98
sprød grønkål i airfryer,5,39,12.82%,3.79
hummer i airfryer,5,29,17.24%,10
røræg i airfryer temperatur,5,28,17.86%,3.07
pulled kylling airfryer,5,21,23.81%,2.86
fyldte champignon i airfryer,5,18,27.78%,2.89
casper sobczyk airfryer test,5,18,27.78%,6.06
t bone i airfryer,5,15,33.33%,3
weber q1200,4,2254,0.18%,15.25
and i airfryer,4,1018,0.39%,21.08
pizza i airfryer,4,821,0.49%,23.19
napoleon freestyle 365,4,787,0.51%,12.09
napoleon rogue 425 plus,4,738,0.54%,10.95
scramble æg i airfryer,4,698,0.57%,9.82
falafel i airfryer,4,548,0.73%,12.6
majskolber i airfryer,4,508,0.79%,12.46
grønne bønner i airfryer,4,478,0.84%,6.7
airfryer opskrifter grøntsager,4,419,0.95%,25.53
mangotræ,4,405,0.99%,11.35
rodfrugtchips,4,398,1.01%,11.41
dampet fisk i airfryer,4,307,1.3%,9.75
majskolbe i airfryer,4,302,1.32%,10.57
fiskefrikadeller i airfryer,4,295,1.36%,10.64
blomkål airfryer,4,242,1.65%,34.53
sejfilet,4,240,1.67%,32.39
le feu pizzaovn test,4,219,1.83%,12.29
airfryer kage,4,212,1.89%,11.51
ristede hasselnødder i airfryer,4,171,2.34%,8.68
bagte gulerødder i airfryer,4,163,2.45%,9.45
airfryer lasagne,4,152,2.63%,8.34
porchetta i airfryer,4,151,2.65%,45.49
butterdej i airfryer,4,138,2.9%,12.93
torsk i airfryer tid,4,134,2.99%,8.68
tebirkes i airfryer,4,127,3.15%,10.34
onion boil opskrift,4,116,3.45%,8.28
tunsteaks,4,116,3.45%,15.72
halve æbler i airfryer,4,97,4.12%,7.33
rå frossen leverpostej i airfryer,4,94,4.26%,7.27
morgenmad airfryer,4,84,4.76%,9.51
hel fisk i airfryer,4,81,4.94%,11.32
marinade til kyllingelår på grill,4,79,5.06%,10.08
æggekage med grøntsager i airfryer,4,74,5.41%,9.35
popcorn i airfryer uden olie,4,71,5.63%,7.28
lammekrone airfryer,4,69,5.8%,5.3
jordbær altankasse,4,69,5.8%,6.81
smelt chokolade i airfryer,4,62,6.45%,4.52
hasselback gulerødder i airfryer,4,61,6.56%,9.92
tournedos i airfryer,4,54,7.41%,19.89
koreansk bbq opskrift,4,50,8%,12.86
frittata i airfryer,4,46,8.7%,9.17
teriyaki kylling airfryer,4,44,9.09%,3.61
rib eye airfryer,4,44,9.09%,34.98
fisk i airfryer oppskrift,4,43,9.3%,7.7
gulerødder i airfryer med honning,4,41,9.76%,5.73
airfryer snack,4,41,9.76%,7.2
lille kage i airfryer,4,40,10%,6.92
cote de boeuf airfryer,4,39,10.26%,10.38
rodfrugt chips i airfryer,4,37,10.81%,4.3
keto i airfryer,4,34,11.76%,5.41
rådyrkød i airfryer,4,34,11.76%,8.82
air fryer nachos,4,33,12.12%,4.79
ribeye in airfryer,4,30,13.33%,26.53
tortillachips i airfryer,4,25,16%,4.08
casper sobczyk airfryer opvaskemaskine,4,25,16%,10.16
fuzion dual zone airfryer 10 5l anmeldelse,4,20,20%,4.15
forårsløg i vand,4,17,23.53%,3.88
airfryer 2025,4,16,25%,2.06
airfryer one pot pasta,4,16,25%,4.81
napoleon freestyle 365 anmeldelse,4,15,26.67%,1.93
gryderetter i airfryer,4,15,26.67%,4
bruschetta airfryer ninja,4,13,30.77%,4.92
squash frikadeller i airfryer,4,13,30.77%,7.31
hornfisk airfryer,4,12,33.33%,2.83
nacho i airfryer,4,11,36.36%,4.91
æg på toast i airfryer,4,10,40%,1.7
airfry tofu,4,9,44.44%,2
protein airfryer,4,6,66.67%,3.67
airfryer opskrifter,3,1813,0.17%,68.17
weber spirit e310,3,1298,0.23%,13.17
hytteost fladbrød,3,1232,0.24%,25.9
kylling i airfryer,3,1199,0.25%,43.79
hasselback kartofler i airfryer,3,897,0.33%,20.78
brød i airfryer,3,888,0.34%,24.28
q1200 weber grill,3,832,0.36%,11.49
pølsemix i airfryer,3,806,0.37%,15.76
pulled pork air fryer,3,677,0.44%,13.75
casper sobczyk airfryer,3,625,0.48%,22.24
tempura grøntsager,3,614,0.49%,12.75
sprøde kikærter i airfryer,3,613,0.49%,7.55
kikærter airfryer,3,595,0.5%,8.72
oksemørbrad i airfryer,3,580,0.52%,14.88
tunsteak,3,575,0.52%,25.02
weber q1200 gasgrill,3,566,0.53%,13.12
hel and i airfryer,3,556,0.54%,22.75
pulled pork airfryer,3,494,0.61%,15.62
sprød kylling i airfryer,3,352,0.85%,23.28
airfryer popcorn,3,332,0.9%,9.14
laks i filodej,3,309,0.97%,12.4
asparges airfryer,3,308,0.97%,10.27
falafler i airfryer,3,234,1.28%,11.08
mango træ,3,233,1.29%,15.46
kyllingespyd teriyaki,3,215,1.4%,12.73
jordskokkechips i airfryer,3,214,1.4%,9.89
kan man bage leverpostej i airfryer,3,205,1.46%,6
steak airfryer,3,202,1.49%,9.47
kalvekoteletter i airfryer,3,180,1.67%,15.08
squash airfryer,3,167,1.8%,8.56
ribbensteg i airfryer casper sobczyk,3,164,1.83%,9.51
asiatisk pulled pork,3,162,1.85%,10.35
culottesteg airfryer,3,154,1.95%,11.55
svampe i airfryer,3,153,1.96%,7.18
skumfiduser i airfryer,3,145,2.07%,11.16
oksekød i airfryer,3,144,2.08%,10.87
s'mores i airfryer,3,136,2.21%,10.36
teriyaki kyllingespyd opskrift,3,136,2.21%,10.5
pulled pork pizza,3,124,2.42%,8.07
hytteost fladbrød med havregryn,3,123,2.44%,9.72
rosenkål airfryer,3,120,2.5%,17.53
kan man riste brød i airfryer,3,115,2.61%,8.09
æggekage i airfryer med bagepulver,3,110,2.73%,10.1
charbroil gas2coal anmeldelse,3,109,2.75%,8.96
brownie i airfryer,3,108,2.78%,11.35
frosne dumplings tilberedning airfryer,3,100,3%,8.06
tørrede bananer i airfryer,3,97,3.09%,7.05
xiaomi airfryer test,3,96,3.12%,7.66
carbonara pizza,3,96,3.12%,8.15
weber spirit e-310,3,96,3.12%,16.17
airfryer leverpostej,3,95,3.16%,6.22
hytteost boller i airfryer,3,95,3.16%,7.04
pizza carbonara,3,95,3.16%,9.68
tigerrejer i airfryer,3,91,3.3%,9.18
jordbær indendørs,3,90,3.33%,5.92
drømmekage airfryer,3,89,3.37%,6.37
æble i airfryer,3,87,3.45%,7.31
bagte peberfrugter i airfryer,3,86,3.49%,9.84
fyldte peberfrugter med svinekød i airfryer,3,82,3.66%,9.24
farsbrød airfryer,3,77,3.9%,10.31
dumpling i airfryer,3,72,4.17%,6.61
lammeryg i airfryer,3,70,4.29%,7.74
frosne dumplings i airfryer,3,68,4.41%,5.66
sund mad i airfryer,3,67,4.48%,33.45
keto airfryer opskrifter,3,66,4.55%,6.77
forårsløg i airfryer,3,60,5%,8.23
biksemad i airfryer med kogte kartofler,3,56,5.36%,7.36
pastaret i airfryer,3,53,5.66%,11.28
stegte grøntsager i airfryer,3,50,6%,12.92
kan man bage leverpostej i en airfryer,3,48,6.25%,8.94
camembert i airfryer dansk,3,46,6.52%,7.43
hel ribeye i airfryer,3,42,7.14%,3.05
rib steak air fryer,3,42,7.14%,4.62
jordbær i altankasser,3,40,7.5%,6.53
dumpling airfryer,3,40,7.5%,21.2
entrecote air fryer,3,40,7.5%,26.3
kan man varme rødkål i airfryer,3,39,7.69%,8.54
camembert i airfryer tid,3,38,7.89%,7.34
hele gulerødder i airfryer,3,37,8.11%,9.3
retter i airfryer,3,37,8.11%,32.3
tunsteak på pande,3,37,8.11%,37.27
test airfryer 2025,3,36,8.33%,5.14
airfryer tofu,3,31,9.68%,2.58
blomkål med panko i airfryer,3,31,9.68%,7.26
dip til mozzarella sticks,3,30,10%,3.67
pandekage airfryer,3,30,10%,5.2
ribeyesteg i airfryer,3,29,10.34%,3.28
hybridgrill test,3,28,10.71%,5.79
rødbedechips airfryer,3,27,11.11%,6.93
broccoli i airfryer med ost,3,27,11.11%,8.44
airfryer gyoza,3,27,11.11%,12.04
pandekager i lag i airfryer,3,26,11.54%,7.04
entrecote airfryer ninja,3,24,12.5%,5.71
valnødder i airfryer,3,19,15.79%,3.11
fuzion dual zone airfryer 10 5l sort - 2400w anmeldelse,3,19,15.79%,4.68
airfryer dumplings,3,19,15.79%,4.79
chokoladefondant i airfryer,3,17,17.65%,2.18
mørksej airfryer,3,17,17.65%,7.71
one pot pasta air fryer,3,17,17.65%,24.24
onion boil air fryer,3,15,20%,32
lammekølle i airfryer opskrift,3,14,21.43%,4.57
pulled duck airfryer,3,13,23.08%,4.15
freestyle 365 test,3,11,27.27%,2.36
vildt i airfryer,3,10,30%,3.7
fennikel i airfryer,3,10,30%,6.5
t-bone air fryer,3,8,37.5%,12.75
ossobuco airfryer,3,7,42.86%,7
kyllingelår i airfryer,2,1715,0.12%,36.15
æbleskiver i airfryer,2,1103,0.18%,20.89
fyldte champignon,2,868,0.23%,24.63
airfryer test,2,810,0.25%,31.24
bagekartofler i airfryer,2,757,0.26%,30.91
varm leverpostej i airfryer,2,606,0.33%,9.84
hveder i airfryer,2,537,0.37%,12.07
bagte tomater i airfryer,2,501,0.4%,10.44
culotte i airfryer,2,459,0.44%,19.61
oksemørbrad bøffer i airfryer,2,449,0.45%,11.25
weber grill q1200,2,449,0.45%,13.7
nakkefilet i airfryer,2,429,0.47%,17.66
riste brød i airfryer,2,377,0.53%,8.43
ristet brød i airfryer,2,343,0.58%,7.95
weber spirit ii e-310,2,337,0.59%,12.97
mozzarella sticks i airfryer,2,331,0.6%,8.12
opskrifter til airfryer,2,300,0.67%,67.08
banankage i airfryer,2,286,0.7%,20.51
hurtig snack,2,242,0.83%,11.2
bønner med bacon i airfryer,2,238,0.84%,25.33
casper sobczyk airfryer 7l,2,229,0.87%,10.18
keto grøntsager opskrifter,2,221,0.9%,14.77
fuzion dual zone airfryer 10 5l sort - 2400w,2,199,1.01%,12.82
bananchips,2,197,1.02%,12.08
mango træ indendørs,2,191,1.05%,8.6
airfryer koteletter,2,190,1.05%,19.1
koteletter airfryer,2,182,1.1%,13.37
spaghetti i airfryer,2,180,1.11%,4.84
nanbrød i airfryer,2,173,1.16%,8.05
gulerødder airfryer,2,170,1.18%,9.49
ristet kikærter i airfryer,2,159,1.26%,9.89
mangotræ i danmark,2,156,1.28%,10.08
champignon airfryer,2,155,1.29%,6.67
bag selv leverpostej airfryer,2,155,1.29%,7.28
ribsteaks i airfryer,2,149,1.34%,9.48
gnocchi i airfryer,2,146,1.37%,11.16
broccoli airfryer,2,138,1.45%,11.14
sprøde gulerødder i airfryer,2,136,1.47%,9.9
laks airfryer,2,135,1.48%,59.9
gulerodsfritter airfryer,2,131,1.53%,7.16
aspargesbroccoli i airfryer,2,131,1.53%,9.05
airfryer bedst i test 2025,2,127,1.57%,10.8
svinekotelet i airfryer,2,126,1.59%,11.13
riste champignon i airfryer,2,120,1.67%,6.34
fiskefileter i airfryer,2,117,1.71%,10.65
pavlova i airfryer,2,116,1.72%,7.73
kikærter snack i airfryer,2,110,1.82%,7.62
bagt camembert,2,109,1.83%,17.01
steaks i airfryer,2,102,1.96%,9.5
popcorn airfryer ninja,2,101,1.98%,7.38
camembert i airfryer,2,101,1.98%,13.48
omelet med spinat i airfryer,2,98,2.04%,8.28
airfryer pizza,2,95,2.11%,12.57
bananchips airfryer,2,94,2.13%,6.85
hurtig pulled chicken,2,85,2.35%,17.19
leverpostej i airfryer tid,2,83,2.41%,6.92
kartofler og grøntsager i airfryer,2,82,2.44%,12.1
hjortestek i airfryer,2,82,2.44%,12.48
kernetemperatur hamburgerryg i airfryer,2,80,2.5%,9.15
krondyrfilet i airfryer,2,80,2.5%,13.4
mozzarella sticks air fryer tid,2,79,2.53%,7.58
hakket oksekød i airfryer,2,79,2.53%,12.72
rødbeder airfryer,2,76,2.63%,8.26
hvide asparges i airfryer,2,71,2.82%,9.66
casper sobczyk airfryer flæskesteg,2,69,2.9%,7.51
kop kage i airfryer,2,68,2.94%,10.53
mandler i airfryer,2,68,2.94%,18.28
stegte champignon i airfryer,2,67,2.99%,7.63
bagte porrer i airfryer,2,67,2.99%,8.48
frossen biksemad i airfryer,2,66,3.03%,11.38
kartoffel chips i airfryer,2,65,3.08%,5.92
plante mango sten,2,65,3.08%,9.42
ristet toast i airfryer,2,62,3.23%,10.29
sprøde blomkål i airfryer,2,61,3.28%,7.66
nemme retter i airfryer,2,61,3.28%,22.07
frossen torsk i airfryer,2,59,3.39%,12.93
sprød blomkål i airfryer,2,56,3.57%,8.52
hamburgerryg i airfryer kernetemperatur,2,55,3.64%,9.82
hjemmelavet leverpostej i airfryer,2,52,3.85%,6.54
grønkål airfryer,2,51,3.92%,4.71
airfryer pulled chicken,2,51,3.92%,5.69
airfryer fisk,2,50,4%,16.82
kartoffelchips airfryer,2,49,4.08%,19.76
stegte tomater i airfryer,2,48,4.17%,11.31
sobczyk digital airfryer 8l,2,48,4.17%,11.56
hel fasan i airfryer,2,47,4.26%,8.09
nan brød i airfryer,2,46,4.35%,7.72
hjemmelavede chips i airfryer,2,45,4.44%,7.24
pasta airfryer,2,45,4.44%,10.82
tomater airfryer,2,45,4.44%,11.6
rødspættefilet i airfryer,2,45,4.44%,23.49
stegt fasan i airfryer,2,44,4.55%,6.89
grøntsager airfryer,2,44,4.55%,12.55
popkorn i airfryer,2,43,4.65%,7.05
casper sobczyk airfryer slim 8 liter,2,43,4.65%,8.98
toast med æg og bacon i airfryer,2,43,4.65%,29.91
kan man plante en mango sten,2,42,4.76%,6.79
blomkål snack airfryer,2,42,4.76%,6.95
retter med æg i airfryer,2,42,4.76%,9.43
svinemørbrad bøffer i airfryer,2,42,4.76%,9.71
hasselbagte æbler i airfryer,2,41,4.88%,7.39
laks og rodfrugter i airfryer,2,41,4.88%,8.78
ratatouille i airfryer,2,40,5%,8.12
kan man lave spejlæg i airfryer,2,40,5%,9.43
weber spirit ii e-310 gbs test,2,39,5.13%,11.92
zucchini fritter,2,38,5.26%,10
panerede koteletter i airfryer,2,38,5.26%,18.29
chicken tenders airfryer,2,36,5.56%,4.86
keto airfryer,2,36,5.56%,5.53
cozze plancha 600 test,2,36,5.56%,7.72
airfryer forloren hare,2,36,5.56%,8.39
frosne broccoli i airfryer,2,36,5.56%,10.75
grønsager i airfryer,2,35,5.71%,10.97
opskrift på fasan i airfryer,2,33,6.06%,5.58
one pot kylling i airfryer,2,33,6.06%,5.94
bagte gulerødder airfryer,2,33,6.06%,8.76
weber spirit e310 test,2,33,6.06%,11.85
ostechips i airfryer,2,32,6.25%,5.88
gråand opskrift airfryer,2,32,6.25%,14.47
air fryer pulled chicken,2,31,6.45%,61.52
pandekager i airfryer i lag,2,30,6.67%,3.27
napoleon freestyle 365 review,2,30,6.67%,8.73
pizza med svampe og trøffelolie,2,30,6.67%,8.8
bagt havregrød i airfryer,2,30,6.67%,10.63
hjertesalat frø,2,30,6.67%,23.87
hurtig mad i airfryer,2,30,6.67%,25.6
banan chips i airfryer,2,28,7.14%,4.71
torsk i air fryer,2,26,7.69%,5.5
grove fritter i airfryer,2,26,7.69%,9.62
varme rødkål i airfryer,2,26,7.69%,9.62
pulled chicken in air fryer,2,26,7.69%,11.81
le feu turtle 2.0 test,2,26,7.69%,15.38
napoleon gasgrill freestyle 365 test,2,26,7.69%,18.96
airfryer keto,2,24,8.33%,4.96
lasagne airfryer ninja,2,24,8.33%,6.58
roastbeef airfryer ninja,2,24,8.33%,10.5
bananbrød airfryer,2,23,8.7%,9.96
jordskokkechips airfryer,2,23,8.7%,11.35
t bone steak in air fryer,2,23,8.7%,28.96
sunde donuts,2,22,9.09%,9.41
blomkål parmesan airfryer,2,21,9.52%,5.38
omelet med kartofler i airfryer,2,21,9.52%,9.1
tempura i airfryer,2,21,9.52%,10.29
hd9880/90,2,21,9.52%,10.38
æbleflæsk airfryer,2,20,10%,5.6
sweet potato airfryer,2,20,10%,7
nacho air fryer,2,18,11.11%,4.78
hamburgerryg,2,18,11.11%,13.94
entrecote i airfryer cosori,2,17,11.76%,5.65
bagte æbler med kanel og brun farin i airfryer,2,17,11.76%,6.59
everdure grill test,2,16,12.5%,11.62
t bone steak airfryer,2,16,12.5%,12.62
indbagte rejer i butterdej i airfryer,2,16,12.5%,29.31
airfryer opskrifter aftensmad,2,16,12.5%,45.75
kan man lave røræg i airfryer,2,14,14.29%,3
fasanbryst i airfryer,2,14,14.29%,3.93
entrecot i airfryer,2,14,14.29%,4.64
kullerfilet i airfryer,2,14,14.29%,5.93
xiaomi mi smart air fryer review,2,14,14.29%,7.36
"wattson af82000430, airfryer",2,14,14.29%,7.79
ratatouille airfryer,2,13,15.38%,9.77
cosori premium cp158-af-rxb,2,13,15.38%,11.38
air fryer pulled pork,2,12,16.67%,14.17
nachos airfryer tid,2,11,18.18%,6.27
rødbedefritter i airfryer,2,11,18.18%,10.18
tortillachips airfryer,2,11,18.18%,11.91
ribeye steak airfryer,2,11,18.18%,12.18
côte de boeuf air fryer,2,11,18.18%,14.91
lynhurtig kage,2,11,18.18%,19.09
chorizo airfryer,2,10,20%,3.3
friske asparges i airfryer,2,10,20%,8
hurtige boller i airfryer,2,10,20%,20.1
pasta bolognese i airfryer,2,9,22.22%,5.11
rødkål airfryer,2,9,22.22%,7
dumplings in airfryer,2,9,22.22%,14.33
hjemmelavet soltørret tomater,2,9,22.22%,22.33
onion boil,2,8,25%,3.12
napoleon freestyle test,2,8,25%,3.75
mini bruchetta,2,7,28.57%,3.71
entrecot air fryer,2,7,28.57%,3.86
tbone airfryer,2,7,28.57%,4
grønnkål airfryer,2,6,33.33%,1
tørre tomater i airfryer,2,6,33.33%,3.17
fiskeburger airfryer,2,6,33.33%,5
sobczyk airfryer review,2,6,33.33%,5.33
tofu i air fryer,2,5,40%,2.2
kyllingelår og kartofler i airfryer,2,5,40%,10.2
t-bone steak in air fryer,2,5,40%,31.4
nacho cheese airfryer,2,4,50%,1.25
stenalderbrød blanding,2,3,66.67%,2.33
snack air fryer,2,2,100%,7
stenalderbrød blanding rema 1000,2,2,100%,7.5
laks i airfryer,1,2356,0.04%,50.28
grønkålschips,1,1490,0.07%,28.81
forårsruller i airfryer,1,1457,0.07%,30.15
fiskefilet i airfryer,1,1289,0.08%,22.74
lammeculotte i airfryer,1,1227,0.08%,23.48
weber gasgrill q1200,1,1042,0.1%,14.19
airfryer bedst i test,1,953,0.1%,40.87
weber spirit ii e-310 gbs,1,935,0.11%,13.16
rodfrugter i airfryer,1,865,0.12%,27.18
kartofler i airfryer,1,841,0.12%,50.54
æblechips,1,797,0.13%,17.51
brune kartofler i airfryer,1,734,0.14%,23.94
andelår i airfryer,1,700,0.14%,25.11
brunede kartofler i airfryer,1,684,0.15%,23.73
muffins i airfryer,1,669,0.15%,17.14
weber q 1200 gasgrill,1,663,0.15%,12.57
flæskesteg airfryer,1,628,0.16%,47.99
popcorn airfryer,1,627,0.16%,8.8
bøf i airfryer,1,625,0.16%,24.06
mad i airfryer,1,616,0.16%,50.58
hytteost brød,1,615,0.16%,28.96
kalveculotte i airfryer,1,605,0.17%,30.35
airfryer flæskesteg,1,592,0.17%,41.92
ribbensteg i airfryer,1,553,0.18%,71.21
pølser i airfryer,1,546,0.18%,41.64
søde kartofler i airfryer,1,496,0.2%,30.61
keto snacks opskrifter,1,473,0.21%,17.86
pizza diavola,1,427,0.23%,10.89
laksefilet i airfryer,1,414,0.24%,28.45
ristede kikærter airfryer,1,406,0.25%,10.1
bøffer i airfryer,1,382,0.26%,24.39
spareribs i airfryer,1,370,0.27%,27.53
frosne rundstykker i airfryer,1,362,0.28%,40.3
airfryer stegt flæsk,1,353,0.28%,42.03
stegt flæsk airfryer,1,341,0.29%,39.59
frosne forårsruller i airfryer,1,336,0.3%,21.69
kylling i airfryer tid,1,331,0.3%,33.71
tortilla i airfryer,1,291,0.34%,17.01
sejfilet opskrift,1,281,0.36%,32.98
toast i airfryer,1,264,0.38%,23.59
kød i airfryer,1,260,0.38%,24.73
mørbrad airfryer,1,253,0.4%,22.26
kikærter plante,1,252,0.4%,12.27
pizza med rejer,1,242,0.41%,16.3
kebabpizza,1,235,0.43%,14.21
smilende æg i airfryer,1,214,0.47%,11.46
lammeculotte airfryer,1,212,0.47%,13.95
lun leverpostej i airfryer,1,208,0.48%,9.42
pizza i pizzaovn,1,201,0.5%,21.26
roastbeef airfryer,1,200,0.5%,41.23
medister i airfryer tid,1,199,0.5%,26.54
bagt hvidløg airfryer,1,195,0.51%,9.89
airfryer bananchips,1,186,0.54%,23.75
hvor lang tid skal nachos have i airfryer,1,184,0.54%,7.9
dyrk hvidløg i vindueskarmen,1,182,0.55%,9.65
kan man riste brød i en airfryer,1,177,0.56%,7.92
flæskesteg på weber gasgrill q3200,1,165,0.61%,10.93
lammefilet i airfryer,1,164,0.61%,12.02
flæskesteg i airfryer 1 5 kg,1,159,0.63%,11.89
fiskepinde i airfryer,1,159,0.63%,12.35
flæskesteg i airfryer 1 kg,1,155,0.65%,47.88
tørrede grøntsager,1,150,0.67%,19.53
t bone steak opskrift,1,148,0.68%,25.7
bananchips i airfryer,1,146,0.68%,10.24
hjemmelavet mozzarella sticks,1,145,0.69%,11.9
krydderkam i airfryer,1,144,0.69%,8.12
everdure test,1,144,0.69%,24.38
cozze pizzaovn temperatur,1,138,0.72%,11.6
opskrifter med tofu,1,138,0.72%,44.58
grillet peberfrugt i airfryer,1,128,0.78%,8.56
majs airfryer,1,126,0.79%,13.48
char-broil convective 640 b xl gasgrill,1,123,0.81%,10.85
tunsteak opskrift,1,114,0.88%,24.07
kan man varme leverpostej i airfryer,1,112,0.89%,9.25
grönkålschips airfryer,1,111,0.9%,26.23
pizza airfryer,1,109,0.92%,13.93
kan man lave lasagne i en airfryer,1,108,0.93%,10.33
steak in airfryer,1,107,0.93%,8.59
tilberedning af frosne bønner,1,105,0.95%,9.02
sobczyk airfryer,1,105,0.95%,24.08
gratis opskrifter til airfryer,1,105,0.95%,70.04
hele majs i airfryer,1,102,0.98%,9.57
napoleon gasgrill freestyle 365,1,102,0.98%,12.23
kan man lave pose popcorn i airfryer,1,100,1%,8.98
varme pandekager i airfryer,1,98,1.02%,4.19
le feu turtle 2.0,1,96,1.04%,24.57
mikrobølge popcorn i airfryer,1,95,1.05%,9.34
airfryer brød,1,93,1.08%,14.61
bagte cherrytomater i airfryer,1,92,1.09%,9.12
muffins i airfryer opskrift,1,92,1.09%,9.4
mørbradbøffer i airfryer,1,88,1.14%,14.64
blødkogte æg i airfryer,1,88,1.14%,30.49
friske bønner i airfryer,1,87,1.15%,7.07
rødbede i airfryer,1,87,1.15%,8.52
er stenalderbrød sundt,1,87,1.15%,12.31
pizza med pulled pork,1,85,1.18%,9.24
jordbær crumble,1,85,1.18%,64.39
frossen tærte i airfryer,1,84,1.19%,8.94
airfryer broccoli,1,84,1.19%,13.57
airfryer blomkål,1,84,1.19%,21.37
forloren hare,1,83,1.2%,9.96
one pot pasta,1,82,1.22%,6.84
pandekager i airfryer video,1,82,1.22%,7.57
rundstykker i airfryer,1,82,1.22%,67.06
convective 640 b - xl,1,81,1.23%,10.25
brød i pizzaovn ooni,1,81,1.23%,12.6
flæskesteg i airfryer 2 kg,1,81,1.23%,44.79
casper sobczyk airfryer 8 l,1,80,1.25%,7.49
fasanbryst,1,80,1.25%,28.73
kyllingefileter i airfryer,1,79,1.27%,13.06
mango plante fra frø,1,77,1.3%,8.52
frosne grøntsager i airfryer tid,1,77,1.3%,10.74
airfryer opskrifter flæskesteg,1,77,1.3%,42.78
hvidløgsbrød airfryer,1,74,1.35%,10.55
chicken tenders air fryer dansk,1,73,1.37%,6.44
opvarmning af hveder i airfryer,1,72,1.39%,10.1
grønne asparges i airfryer,1,72,1.39%,13.5
torskefilet airfryer,1,71,1.41%,7.86
nanbrød airfryer,1,70,1.43%,6.73
everdure furnace ii,1,70,1.43%,12.21
airfryer kage opskrift,1,69,1.45%,9.68
falafel opskrift airfryer,1,69,1.45%,10.29
rosenkål i airfryer med bacon,1,68,1.47%,8.63
langtidsbagte tomater i airfryer,1,68,1.47%,9.29
flæskesteg på gasgrill weber,1,68,1.47%,14.32
popcorn pose i airfryer,1,67,1.49%,6.82
flanksteak i airfryer,1,67,1.49%,41.93
air fryer popcorn,1,66,1.52%,13.62
brød med æg i midten,1,65,1.54%,11.43
popcorn air fryer,1,65,1.54%,17.42
bagte æbler med kanel,1,64,1.56%,27.89
farsbrød med bacon i airfryer,1,63,1.59%,47.49
cherrytomater i airfryer,1,62,1.61%,10.73
napoleon 365 freestyle,1,62,1.61%,11.48
lune leverpostej i airfryer,1,60,1.67%,9.3
brød airfryer,1,59,1.69%,15.22
airfryer test 2025,1,58,1.72%,9.07
bage i airfryer,1,58,1.72%,45.6
casper sobczyk opskrifter flæskesteg,1,57,1.75%,7.47
forloren hare i airfryer tid,1,57,1.75%,8.3
banankage airfryer,1,57,1.75%,17.12
tun steak,1,57,1.75%,31.95
marineret kyllingelår,1,57,1.75%,47.19
vafler i airfryer,1,56,1.79%,7.11
vildand i airfryer,1,55,1.82%,11.62
torpedo rejer i airfryer,1,55,1.82%,13.29
airfryer,1,55,1.82%,15.42
svinekam i airfryer,1,55,1.82%,25.18
orzo gryde med græske kødboller,1,54,1.85%,4.19
blomkål og gulerødder i airfryer,1,54,1.85%,10.07
rösti i airfryer,1,54,1.85%,11.52
airfryer hamburgerryg,1,54,1.85%,12.17
culotte airfryer,1,54,1.85%,15.65
bagt æble i airfryer,1,53,1.89%,5.19
kanelsnegle airfryer,1,53,1.89%,18.28
æg airfryer,1,53,1.89%,21.66
airfryer retter,1,53,1.89%,27.68
hel kylling airfryer,1,53,1.89%,33.66
flæskesteg casper sobczyk,1,50,2%,8.74
airfryer chips,1,50,2%,8.82
frisk pasta i airfryer,1,49,2.04%,8.88
champignon med fyld,1,49,2.04%,15.49
airfryer torsk,1,49,2.04%,20.84
casper sobczyk anmeldelse,1,48,2.08%,4.29
nachos med kylling og ost i airfryer,1,48,2.08%,6.23
weber q32,1,48,2.08%,9.1
tærte airfryer,1,48,2.08%,10.4
weber spirit ii e310,1,48,2.08%,11.25
cozze e-300,1,48,2.08%,11.6
gråand i airfryer,1,48,2.08%,15.94
rodfrugt chips,1,48,2.08%,23.52
avocado med æg i airfryer,1,47,2.13%,6.74
riste hasselnødder i airfryer,1,47,2.13%,7.81
franske kartofler i airfryer,1,47,2.13%,8.98
airfryer spareribs,1,47,2.13%,11.11
bulgogi opskrift,1,47,2.13%,26.3
lune boller i airfryer,1,46,2.17%,8.72
napoleon grill test,1,46,2.17%,13.04
dangrill valhal,1,45,2.22%,10.29
varme tortilla i airfryer,1,45,2.22%,20.11
kalvelever italiensk opskrift,1,45,2.22%,26.07
lammekoteletter temperatur,1,44,2.27%,6.27
pulled pork med ris,1,44,2.27%,10.16
sund kage i airfryer,1,44,2.27%,23.55
kan man lave gyoza i airfryer,1,43,2.33%,7.16
amerikanske pandekager airfryer,1,43,2.33%,7.63
"wattson air fryer oven digital, airfryer",1,43,2.33%,9.56
tykstegsbøf i airfryer,1,43,2.33%,22.07
ristede havregryn i airfryer,1,42,2.38%,9.26
chokoladekage airfryer,1,42,2.38%,11.55
everdure furnace test,1,42,2.38%,15.05
mini bruschetta,1,40,2.5%,4.28
broccoli med ost i airfryer,1,40,2.5%,8.07
airfryer pasta,1,40,2.5%,10.38
kalvemørbrad i airfryer,1,40,2.5%,29.93
sammenkogt ret i airfryer,1,39,2.56%,5.23
tag frø fra peberfrugt,1,39,2.56%,10.62
koteletter i airfryer med grøntsager,1,39,2.56%,13.77
kanelsnegle i airfryer,1,38,2.63%,20.63
dehydrering airfryer opskrift,1,37,2.7%,5.49
laksefileter i airfryer,1,37,2.7%,11.14
rogue 425 plus,1,37,2.7%,11.35
spidskål airfryer,1,37,2.7%,14.41
airfryer champignon,1,36,2.78%,5.44
airfryer havregrød,1,36,2.78%,7.94
steg bøf i airfryer,1,36,2.78%,10.22
stege bøf i airfryer,1,36,2.78%,10.64
hel svinemørbrad i airfryer,1,36,2.78%,10.75
kogt torsk i airfryer,1,35,2.86%,5.17
sunde chips opskrift,1,35,2.86%,11.14
porretærte i airfryer,1,35,2.86%,13.77
dyrkning af kikærter,1,34,2.94%,7.62
hasselback rødbeder i airfryer,1,34,2.94%,8.32
bananbrød i airfryer,1,34,2.94%,14.88
hjortefilet tilberedning,1,33,3.03%,6.36
le feu turtle 2.0 pizzaovn test,1,33,3.03%,8.24
broccoli i airfryer med parmesan,1,33,3.03%,10.24
mangoplante,1,33,3.03%,12.39
dyrke spinat,1,33,3.03%,12.52
dyrk spinat,1,33,3.03%,13.97
hvidløgsrejer i airfryer,1,32,3.12%,6.03
napoleon rogue 425 plus gasgrill,1,32,3.12%,14
opskrift airfryer,1,32,3.12%,47.53
poppe popcorn i airfryer,1,31,3.23%,8.23
fastelavnsboller af butterdej i airfryer,1,31,3.23%,8.9
sunde retter i airfryer,1,31,3.23%,23.9
panini airfryer,1,31,3.23%,31.61
hvordan planter man en mango,1,30,3.33%,7.77
tortilla med ost i airfryer,1,30,3.33%,9.57
frosne fastelavnsboller i airfryer hvor lang tid,1,30,3.33%,10.03
spejlæg airfryer,1,30,3.33%,11.63
jordbær altan,1,29,3.45%,8.9
gulerodsfritter,1,29,3.45%,24
panini in airfryer,1,29,3.45%,50.48
fars i airfryer,1,28,3.57%,9.5
broccoli air fryer parmesan,1,28,3.57%,9.82
hakket kød i airfryer,1,28,3.57%,12.96
casper sobczyk airfryer 10 5 liter,1,28,3.57%,13.5
babyspinat,1,28,3.57%,22.21
tortilla chips airfryer,1,27,3.7%,5.41
napoleon rogue 425 test,1,27,3.7%,6.7
le feu pizzaovn anmeldelse,1,27,3.7%,8.93
frosne rodfrugter i airfryer,1,27,3.7%,19.37
steke entrecote i airfryer,1,27,3.7%,46.85
hel entrecote i airfryer,1,26,3.85%,3.96
grøntsagstærte i airfryer,1,26,3.85%,8.58
tykstegsbøffer i airfryer,1,26,3.85%,11.35
nakkekam i airfryer,1,26,3.85%,15.69
hjemmelavede fritter i airfryer,1,26,3.85%,18.81
frossen tunbøf,1,26,3.85%,33.73
guldbrasen i airfryer,1,25,4%,7.72
opskrift saltede mandler i airfryer,1,25,4%,8.8
vegetarretter i airfryer,1,25,4%,9.52
blomkålsris i airfryer,1,25,4%,9.68
andefrikadeller,1,25,4%,11.08
tun steak opskrift,1,25,4%,27.32
grillpølser i airfryer,1,25,4%,31.96
airfryer vegetar,1,24,4.17%,8.71
napoleon rogue 425 anmeldelse,1,24,4.17%,9.67
oksemørbrad i airfryer opskrift,1,24,4.17%,10.12
mango plante pasning,1,24,4.17%,11.83
dangrill test,1,24,4.17%,13.5
weber spirit e 310 gbs,1,24,4.17%,25.33
seifilet i airfryer,1,24,4.17%,30.92
hurtig dessert med ananas,1,24,4.17%,35.58
s'mores airfryer,1,23,4.35%,8.43
butterdej fastelavnsboller airfryer,1,23,4.35%,9.13
butterdej airfryer,1,23,4.35%,10.57
tempura airfryer,1,23,4.35%,16.26
airfryer omelet,1,23,4.35%,17.17
ristede mandler i airfryer,1,23,4.35%,20.78